Make,Model,Year,Price,Mileage,Body Type,Cylinders,Transmission,Fuel Type,Color,Location,Description
toyota,camry,2016,47819,156500,Sedan,4,Automatic Transmission,Gasoline,Black, Dubai,"2016 toyota camry with Rear camera, Leather seats. Condition: Engine repaired."
kia,sorento,2013,61250,169543,SUV,4,Automatic Transmission,Gasoline,Grey, Abu Dhabi,"2013 kia sorento with Sunroof, Adaptive cruise control, Rear camera, Bluetooth. Condition: Accident history."
mini,cooper,2023,31861,221583,Soft Top Convertible,4,Automatic Transmission,Gasoline,Grey, Dubai,"2023 mini cooper with Adaptive cruise control, Rear camera, Sunroof, Bluetooth. Condition: Engine repaired."
nissan,altima,2016,110322,69754,Sedan,4,Automatic Transmission,Gasoline,Red, Dubai,"2016 nissan altima with Rear camera, Adaptive cruise control. Condition: Minor scratches."
toyota,land-cruiser-76-series,2020,139994,71399,Pick Up Truck,4,Manual Transmission,Gasoline,White, Dubai,"2020 toyota land-cruiser-76-series with Adaptive cruise control, Bluetooth, Rear camera. Condition: Dented door."
chevrolet,silverado,2010,43194,233934,Pick Up Truck,8,Automatic Transmission,Gasoline,Brown, Dubai,"2010 chevrolet silverado with Navigation system, Bluetooth, Sunroof, Adaptive cruise control. Condition: Repainted bumper."
chevrolet,camaro,2024,94100,147140,Coupe,8,Automatic Transmission,Gasoline,Silver, Dubai,"2024 chevrolet camaro with Leather seats, Sunroof. Condition: Accident history."
cadillac,srx,2024,30047,51876,SUV,6,Automatic Transmission,Gasoline,Gold,Abu Dhabi,"2024 cadillac srx with Rear camera, Adaptive cruise control, Leather seats. Condition: Engine repaired."
mercedes-benz,g-class,2009,603574,32956,SUV,8,Automatic Transmission,Gasoline,Black, Dubai,"2009 mercedes-benz g-class with Navigation system, Leather seats, Adaptive cruise control. Condition: Repainted bumper."
infiniti,q50,2013,49531,11954,Sedan,4,Automatic Transmission,Gasoline,White, Dubai,"2013 infiniti q50 with Sunroof, Leather seats. Condition: Engine repaired."
toyota,land-cruiser,2008,470284,143940,SUV,6,Automatic Transmission,Diesel,White, Dubai,"2008 toyota land-cruiser with Adaptive cruise control, Bluetooth, Rear camera. Condition: Minor scratches."
mercedes-benz,amg-gt-4-doors,2019,479068,291481,Sedan,6,Automatic Transmission,Gasoline,Black, Dubai,"2019 mercedes-benz amg-gt-4-doors with Leather seats, Adaptive cruise control. Condition: Engine repaired."
mazda,6,2008,38078,269628,Sedan,4,Automatic Transmission,Gasoline,Silver, Dubai,"2008 mazda 6 with Bluetooth, Sunroof, Adaptive cruise control. Condition: Dented door."
nissan,x-trail,2020,85012,28571,SUV,4,Automatic Transmission,Gasoline,White, Dubai,"2020 nissan x-trail with Bluetooth, Sunroof, Navigation system, Leather seats. Condition: No damage."
mercedes-benz,cls-class,2012,57357,280953,Sedan,8,Automatic Transmission,Gasoline,Black, Dubai,"2012 mercedes-benz cls-class with Bluetooth, Rear camera, Sunroof. Condition: Minor scratches."
nissan,patrol,2006,360078,269976,SUV,8,Automatic Transmission,Gasoline,Grey, Dubai,"2006 nissan patrol with Leather seats, Sunroof, Bluetooth, Adaptive cruise control. Condition: Engine repaired."
nissan,x-trail,2006,49302,121173,Crossover,4,Automatic Transmission,Gasoline,White, Dubai,"2006 nissan x-trail with Sunroof, Rear camera, Adaptive cruise control, Navigation system. Condition: Repainted bumper."
toyota,yaris,2009,32656,254828,Hatchback,4,Automatic Transmission,Gasoline,White, Dubai,"2009 toyota yaris with Adaptive cruise control, Rear camera, Bluetooth, Leather seats. Condition: Engine repaired."
jeep,grand-cherokee,2021,36447,247240,SUV,8,Automatic Transmission,Gasoline,Blue, Sharjah,"2021 jeep grand-cherokee with Leather seats, Adaptive cruise control, Sunroof, Bluetooth. Condition: Minor scratches."
kia,optima,2014,29408,138591,Sedan,5,Automatic Transmission,Gasoline,White,Dubai,"2014 kia optima with Sunroof, Navigation system. Condition: Accident history."
ferrari,599,2024,4197282,220775,Coupe,12,Automatic Transmission,Gasoline,Blue, Dubai,"2024 ferrari 599 with Leather seats, Sunroof, Rear camera, Adaptive cruise control. Condition: Engine repaired."
bmw,x6,2021,342897,292448,SUV,8,Automatic Transmission,Gasoline,Black, Dubai,"2021 bmw x6 with Bluetooth, Leather seats, Rear camera. Condition: Minor scratches."
porsche,cayenne,2024,380035,193415,SUV,6,Automatic Transmission,Gasoline,White, Dubai,"2024 porsche cayenne with Navigation system, Leather seats, Adaptive cruise control. Condition: Minor scratches."
bentley,continental-gt,2008,208965,229097,Coupe,12,Automatic Transmission,Gasoline,Other Color, Dubai,"2008 bentley continental-gt with Leather seats, Navigation system, Adaptive cruise control. Condition: No damage."
land-rover,range-rover,2024,222044,33480,SUV,8,Automatic Transmission,Gasoline,Black, Dubai,"2024 land-rover range-rover with Leather seats, Sunroof. Condition: Engine repaired."
nissan,sunny,2008,28063,294765,Sedan,4,Automatic Transmission,Gasoline,White, Dubai,"2008 nissan sunny with Leather seats, Sunroof. Condition: No damage."
mercedes-benz,gl-class,2018,120721,220931,SUV,8,Automatic Transmission,Gasoline,White, Dubai,"2018 mercedes-benz gl-class with Bluetooth, Rear camera, Navigation system. Condition: Dented door."
nissan,altima,2009,58468,194346,Sedan,4,Automatic Transmission,Gasoline,White, Sharjah,"2009 nissan altima with Rear camera, Leather seats, Bluetooth, Navigation system. Condition: No damage."
toyota,land-cruiser,2011,331226,198407,SUV,6,Automatic Transmission,Gasoline,White, Dubai,"2011 toyota land-cruiser with Leather seats, Adaptive cruise control. Condition: Repainted bumper."
chevrolet,corvette,2015,162913,215495,Hard Top Convertible,8,Manual Transmission,Gasoline,Red, Dubai,"2015 chevrolet corvette with Leather seats, Adaptive cruise control, Rear camera, Sunroof. Condition: Engine repaired."
porsche,panamera,2018,292855,39608,Sedan,6,Automatic Transmission,Gasoline,White, Dubai,"2018 porsche panamera with Rear camera, Bluetooth, Leather seats. Condition: Accident history."
mercedes-benz,g-class,2011,494348,140824,SUV,8,Automatic Transmission,Gasoline,Grey, Dubai,"2011 mercedes-benz g-class with Adaptive cruise control, Rear camera. Condition: Repainted bumper."
mercedes-benz,s-class,2018,436570,199886,Sedan,8,Automatic Transmission,Gasoline,White, Dubai,"2018 mercedes-benz s-class with Bluetooth, Adaptive cruise control, Navigation system. Condition: Engine repaired."
kia,sorento,2018,12803,287736,Sedan,6,Automatic Transmission,Gasoline,Silver, Dubai,"2018 kia sorento with Bluetooth, Adaptive cruise control. Condition: Repainted bumper."
honda,accord,2022,134183,270532,Sedan,4,Automatic Transmission,Gasoline,Blue, Dubai,"2022 honda accord with Adaptive cruise control, Leather seats, Sunroof, Bluetooth. Condition: No damage."
dodge,charger,2022,31252,276604,Sedan,8,Automatic Transmission,Gasoline,Blue, Abu Dhabi,"2022 dodge charger with Bluetooth, Rear camera, Sunroof, Leather seats. Condition: Minor scratches."
rolls-royce,phantom,2006,442922,107637,Sedan,12,Automatic Transmission,Gasoline,White, Dubai,"2006 rolls-royce phantom with Sunroof, Rear camera, Bluetooth. Condition: Dented door."
mercedes-benz,cla,2008,85739,21929,Sedan,4,Automatic Transmission,Gasoline,White, Dubai,"2008 mercedes-benz cla with Rear camera, Navigation system, Sunroof. Condition: No damage."
nissan,altima,2022,35378,106108,Sedan,4,Automatic Transmission,Gasoline,White, Sharjah,"2022 nissan altima with Adaptive cruise control, Sunroof. Condition: Engine repaired."
ford,edge,2018,183374,265019,SUV,6,Automatic Transmission,Gasoline,White, Dubai,"2018 ford edge with Navigation system, Adaptive cruise control. Condition: No damage."
nissan,patrol,2017,139466,152744,SUV,6,Manual Transmission,Gasoline,White, Dubai,"2017 nissan patrol with Sunroof, Navigation system. Condition: Minor scratches."
bmw,6-series,2015,50460,146659,Sedan,6,Automatic Transmission,Gasoline,Black, Dubai,"2015 bmw 6-series with Bluetooth, Rear camera. Condition: Dented door."
hyundai,kona,2020,49724,112352,SUV,4,Automatic Transmission,Gasoline,Red, Dubai,"2020 hyundai kona with Bluetooth, Leather seats, Rear camera, Navigation system. Condition: Minor scratches."
mercedes-benz,s-class,2006,49519,241390,Sedan,8,Automatic Transmission,Gasoline,White, Dubai,"2006 mercedes-benz s-class with Rear camera, Adaptive cruise control. Condition: Repainted bumper."
lamborghini,urus,2021,1568997,28162,Crossover,Unknown,Automatic Transmission,Gasoline,Red, Dubai,"2021 lamborghini urus with Rear camera, Leather seats, Adaptive cruise control. Condition: Dented door."
porsche,cayenne,2019,74335,278497,SUV,6,Automatic Transmission,Gasoline,Silver, Abu Dhabi,"2019 porsche cayenne with Navigation system, Rear camera. Condition: Repainted bumper."
mitsubishi,pajero,2013,40762,10587,SUV,6,Automatic Transmission,Gasoline,Silver, Dubai,"2013 mitsubishi pajero with Rear camera, Sunroof. Condition: No damage."
dodge,challenger,2023,130555,69833,Coupe,8,Automatic Transmission,Gasoline,Grey, Dubai,"2023 dodge challenger with Navigation system, Adaptive cruise control, Bluetooth, Rear camera. Condition: Engine repaired."
mercedes-benz,c-class,2014,120941,184492,Sedan,4,Automatic Transmission,Gasoline,Blue, Sharjah,"2014 mercedes-benz c-class with Navigation system, Bluetooth, Leather seats, Sunroof. Condition: Dented door."
porsche,cayenne,2014,68719,253848,SUV,8,Automatic Transmission,Gasoline,Black, Dubai,"2014 porsche cayenne with Adaptive cruise control, Rear camera. Condition: Engine repaired."
chevrolet,silverado,2009,159025,173619,Pick Up Truck,8,Automatic Transmission,Gasoline,Black, Dubai,"2009 chevrolet silverado with Navigation system, Leather seats. Condition: No damage."
porsche,cayenne,2008,1055578,169934,SUV,8,Automatic Transmission,Gasoline,Grey, Dubai,"2008 porsche cayenne with Sunroof, Leather seats, Adaptive cruise control, Rear camera. Condition: Accident history."
mini,cooper,2011,85706,225344,Coupe,4,Automatic Transmission,Gasoline,Red, Dubai,"2011 mini cooper with Bluetooth, Rear camera. Condition: Engine repaired."
mercedes-benz,g-class,2007,1164907,168941,SUV,8,Automatic Transmission,Gasoline,Black, Dubai,"2007 mercedes-benz g-class with Leather seats, Sunroof. Condition: Engine repaired."
nissan,patrol,2011,129092,272655,SUV,6,Automatic Transmission,Gasoline,Black, Sharjah,"2011 nissan patrol with Sunroof, Navigation system, Rear camera, Leather seats. Condition: Dented door."
aston-martin,rapide,2011,302938,264405,Sedan,12,Automatic Transmission,Gasoline,White, Dubai,"2011 aston-martin rapide with Leather seats, Navigation system. Condition: Minor scratches."
ford,f-series-pickup,2010,289114,70881,Pick Up Truck,6,Automatic Transmission,Hybrid,Black, Dubai,"2010 ford f-series-pickup with Rear camera, Bluetooth, Leather seats. Condition: No damage."
gmc,yukon,2013,303404,81085,SUV,8,Automatic Transmission,Gasoline,Black, Dubai,"2013 gmc yukon with Navigation system, Bluetooth, Adaptive cruise control, Sunroof. Condition: Engine repaired."
chevrolet,corvette,2018,448226,140105,Coupe,8,Automatic Transmission,Gasoline,Red, Abu Dhabi,"2018 chevrolet corvette with Navigation system, Sunroof, Bluetooth, Adaptive cruise control. Condition: Engine repaired."
renault,duster,2021,39249,232139,SUV,4,Automatic Transmission,Gasoline,Blue, Abu Dhabi,"2021 renault duster with Adaptive cruise control, Navigation system, Sunroof. Condition: Repainted bumper."
volkswagen,tiguan,2012,26449,90347,SUV,4,Automatic Transmission,Gasoline,White, Dubai,"2012 volkswagen tiguan with Navigation system, Adaptive cruise control, Bluetooth, Sunroof. Condition: Dented door."
chevrolet,camaro,2008,101280,296942,Coupe,6,Automatic Transmission,Gasoline,Red, Dubai,"2008 chevrolet camaro with Bluetooth, Sunroof, Leather seats. Condition: No damage."
kia,sportage,2009,27993,128406,SUV,4,Automatic Transmission,Gasoline,Grey, Sharjah,"2009 kia sportage with Adaptive cruise control, Rear camera, Sunroof, Navigation system. Condition: Engine repaired."
porsche,cayenne,2023,26689,144687,SUV,8,Automatic Transmission,Gasoline,White, Dubai,"2023 porsche cayenne with Rear camera, Navigation system. Condition: Accident history."
lexus,lx-series,2023,22063,117781,SUV,8,Automatic Transmission,Gasoline,Grey, Dubai,"2023 lexus lx-series with Adaptive cruise control, Leather seats, Rear camera, Sunroof. Condition: Engine repaired."
toyota,hilux,2008,92960,197399,Pick Up Truck,4,Automatic Transmission,Gasoline,White, Dubai,"2008 toyota hilux with Sunroof, Adaptive cruise control, Navigation system. Condition: Engine repaired."
nissan,altima,2014,50305,245288,Other,4,Automatic Transmission,Gasoline,Silver, Dubai,"2014 nissan altima with Navigation system, Adaptive cruise control. Condition: Engine repaired."
land-rover,range-rover,2010,147413,51135,SUV,8,Automatic Transmission,Gasoline,Grey, Dubai,"2010 land-rover range-rover with Bluetooth, Rear camera. Condition: Repainted bumper."
mercedes-benz,s-class,2017,41108,299068,Sedan,8,Automatic Transmission,Gasoline,Blue, Dubai,"2017 mercedes-benz s-class with Adaptive cruise control, Bluetooth. Condition: No damage."
suzuki,kizashi,2008,26485,256337,Sedan,4,Automatic Transmission,Gasoline,Silver, Dubai,"2008 suzuki kizashi with Leather seats, Navigation system, Bluetooth. Condition: Minor scratches."
toyota,prado,2010,121251,218125,SUV,6,Automatic Transmission,Gasoline,White, Sharjah,"2010 toyota prado with Sunroof, Bluetooth, Leather seats, Rear camera. Condition: Dented door."
lincoln,navigator,2024,1186097,185898,SUV,6,Automatic Transmission,Gasoline,Black, Dubai,"2024 lincoln navigator with Rear camera, Navigation system, Adaptive cruise control, Sunroof. Condition: Repainted bumper."
hyundai,azera,2022,72404,190530,Sedan,4,Automatic Transmission,Gasoline,Silver, Dubai,"2022 hyundai azera with Bluetooth, Sunroof. Condition: Repainted bumper."
mercedes-benz,e-class,2006,273876,137443,Coupe,6,Automatic Transmission,Gasoline,Black, Sharjah,"2006 mercedes-benz e-class with Sunroof, Rear camera, Navigation system, Bluetooth. Condition: Repainted bumper."
bmw,x6,2008,211781,152869,SUV,8,Automatic Transmission,Gasoline,White, Dubai,"2008 bmw x6 with Rear camera, Sunroof, Navigation system, Leather seats. Condition: Accident history."
toyota,prado,2024,165581,211218,SUV,6,Automatic Transmission,Gasoline,White, Dubai,"2024 toyota prado with Bluetooth, Adaptive cruise control, Leather seats, Navigation system. Condition: No damage."
audi,q8,2010,856148,246373,Hatchback,8,Automatic Transmission,Gasoline,Grey, Dubai,"2010 audi q8 with Navigation system, Rear camera, Sunroof. Condition: Dented door."
nissan,sunny,2009,18732,38653,Sedan,4,Automatic Transmission,Gasoline,White, Dubai,"2009 nissan sunny with Adaptive cruise control, Sunroof, Leather seats, Navigation system. Condition: Repainted bumper."
bentley,bentayga,2006,639348,217852,SUV,12,Automatic Transmission,Gasoline,White, Dubai,"2006 bentley bentayga with Navigation system, Rear camera. Condition: Minor scratches."
land-rover,range-rover,2019,162663,186547,SUV,4,Automatic Transmission,Gasoline,White, Dubai,"2019 land-rover range-rover with Sunroof, Navigation system, Rear camera, Bluetooth. Condition: Accident history."
mercedes-benz,s-class-coupe,2012,354906,110402,Coupe,8,Automatic Transmission,Gasoline,Grey, Dubai,"2012 mercedes-benz s-class-coupe with Leather seats, Adaptive cruise control. Condition: Engine repaired."
maybach,other,2014,1683182,176768,Sedan,12,Automatic Transmission,Gasoline,Other Color, Dubai,"2014 maybach other with Navigation system, Leather seats, Adaptive cruise control, Rear camera. Condition: Dented door."
jeep,grand-cherokee,2013,211822,70843,SUV,6,Automatic Transmission,Gasoline,White, Dubai,"2013 jeep grand-cherokee with Rear camera, Bluetooth, Navigation system. Condition: Repainted bumper."
mercedes-benz,gls-class,2022,1156447,94130,SUV,8,Automatic Transmission,Gasoline,Black, Dubai,"2022 mercedes-benz gls-class with Rear camera, Sunroof, Adaptive cruise control, Navigation system. Condition: Dented door."
toyota,land-cruiser-76-series,2011,134242,69330,SUV,6,Manual Transmission,Gasoline,Beige, Abu Dhabi,"2011 toyota land-cruiser-76-series with Bluetooth, Navigation system, Sunroof, Rear camera. Condition: Minor scratches."
mercedes-benz,gle-coupe,2021,556885,222948,SUV,6,Automatic Transmission,Gasoline,White, Dubai,"2021 mercedes-benz gle-coupe with Rear camera, Adaptive cruise control, Leather seats, Navigation system. Condition: Accident history."
hyundai,sonata,2014,61585,194809,Sedan,4,Automatic Transmission,Gasoline,Grey, Dubai,"2014 hyundai sonata with Adaptive cruise control, Leather seats, Sunroof. Condition: Engine repaired."
ford,bronco,2006,265251,112398,SUV,6,Automatic Transmission,Gasoline,Black, Dubai,"2006 ford bronco with Adaptive cruise control, Rear camera, Navigation system, Bluetooth. Condition: Engine repaired."
peugeot,expert,2009,31223,72164,Utility Truck,4,Automatic Transmission,Diesel,White, Dubai,"2009 peugeot expert with Adaptive cruise control, Sunroof, Leather seats, Navigation system. Condition: No damage."
gmc,yukon,2022,233453,76257,SUV,8,Automatic Transmission,Gasoline,Black, Dubai,"2022 gmc yukon with Leather seats, Adaptive cruise control, Sunroof, Navigation system. Condition: Minor scratches."
toyota,hilux,2021,151613,113155,Pick Up Truck,4,Manual Transmission,Diesel,Grey, Dubai,"2021 toyota hilux with Leather seats, Navigation system, Adaptive cruise control. Condition: No damage."
bmw,7-series,2006,316052,156772,Sedan,4,Automatic Transmission,Gasoline,Grey, Dubai,"2006 bmw 7-series with Adaptive cruise control, Bluetooth, Leather seats, Rear camera. Condition: Dented door."
jaguar,e-pace,2017,144665,274227,SUV,4,Automatic Transmission,Gasoline,White, Dubai,"2017 jaguar e-pace with Bluetooth, Adaptive cruise control, Navigation system, Leather seats. Condition: Repainted bumper."
audi,tt,2016,44472,273308,Coupe,4,Automatic Transmission,Gasoline,White, Dubai,"2016 audi tt with Bluetooth, Navigation system, Leather seats. Condition: No damage."
land-rover,range-rover,2024,168761,80757,SUV,8,Automatic Transmission,Gasoline,Black, Dubai,"2024 land-rover range-rover with Sunroof, Bluetooth. Condition: No damage."
honda,cr-v,2013,46524,84969,SUV,4,Automatic Transmission,Gasoline,Gold, Abu Dhabi,"2013 honda cr-v with Sunroof, Adaptive cruise control, Navigation system, Bluetooth. Condition: No damage."
jaguar,xf,2019,78046,234589,Sedan,4,Automatic Transmission,Gasoline,Black, Dubai,"2019 jaguar xf with Navigation system, Sunroof, Rear camera. Condition: No damage."
lexus,lx-series,2012,85379,233659,SUV,8,Automatic Transmission,Gasoline,Silver, Sharjah,"2012 lexus lx-series with Sunroof, Leather seats. Condition: Accident history."
audi,q7,2022,28401,165386,SUV,8,Automatic Transmission,Gasoline,Black, Dubai,"2022 audi q7 with Adaptive cruise control, Bluetooth. Condition: Repainted bumper."
mercedes-benz,s-class,2020,717340,67821,Sedan,6,Automatic Transmission,Gasoline,White, Dubai,"2020 mercedes-benz s-class with Navigation system, Rear camera. Condition: Repainted bumper."
lexus,ls-series,2016,23376,175678,Sedan,8,Automatic Transmission,Gasoline,Black, Sharjah,"2016 lexus ls-series with Sunroof, Bluetooth. Condition: Dented door."
audi,a3,2017,69722,75665,Sedan,4,Automatic Transmission,Gasoline,Red, Dubai,"2017 audi a3 with Leather seats, Bluetooth. Condition: No damage."
honda,accord,2022,47497,126540,Sedan,4,Automatic Transmission,Gasoline,Red, Dubai,"2022 honda accord with Bluetooth, Adaptive cruise control, Leather seats. Condition: Engine repaired."
citroen,c5,2024,112539,280276,SUV,4,Automatic Transmission,Gasoline,White, Dubai,"2024 citroen c5 with Adaptive cruise control, Navigation system. Condition: Engine repaired."
bmw,x5,2007,128256,256471,SUV,6,Automatic Transmission,Gasoline,Blue, Dubai,"2007 bmw x5 with Bluetooth, Leather seats, Rear camera, Navigation system. Condition: No damage."
cadillac,ctscatera,2011,94590,150903,Sedan,6,Automatic Transmission,Gasoline,White, Dubai,"2011 cadillac ctscatera with Rear camera, Navigation system, Adaptive cruise control, Bluetooth. Condition: Engine repaired."
infiniti,qx70,2017,65084,232545,SUV,6,Automatic Transmission,Gasoline,Grey, Dubai,"2017 infiniti qx70 with Navigation system, Sunroof, Leather seats, Rear camera. Condition: Dented door."
cadillac,escalade,2010,569875,296315,SUV,8,Automatic Transmission,Gasoline,Black, Dubai,"2010 cadillac escalade with Adaptive cruise control, Bluetooth. Condition: Dented door."
nissan,patrol,2006,68580,50462,SUV,8,Automatic Transmission,Gasoline,Gold, Dubai,"2006 nissan patrol with Navigation system, Adaptive cruise control, Leather seats. Condition: No damage."
land-rover,range-rover,2020,460904,29781,SUV,8,Automatic Transmission,Gasoline,White, Ajman,"2020 land-rover range-rover with Adaptive cruise control, Navigation system, Sunroof. Condition: No damage."
bmw,5-series,2023,66361,258890,Sedan,4,Automatic Transmission,Gasoline,Blue, Dubai,"2023 bmw 5-series with Leather seats, Sunroof, Rear camera. Condition: No damage."
porsche,boxster,2021,225017,181546,Soft Top Convertible,4,Automatic Transmission,Gasoline,White,Abu Dhabi,"2021 porsche boxster with Bluetooth, Adaptive cruise control, Rear camera. Condition: Dented door."
maserati,ghibli,2018,271423,218348,Sedan,6,Automatic Transmission,Gasoline,Black, Dubai,"2018 maserati ghibli with Adaptive cruise control, Sunroof. Condition: Minor scratches."
cadillac,escalade,2008,473426,278862,SUV,8,Automatic Transmission,Gasoline,Black, Dubai,"2008 cadillac escalade with Bluetooth, Navigation system, Adaptive cruise control. Condition: Accident history."
chevrolet,camaro,2013,83164,86886,Sports Car,6,Automatic Transmission,Gasoline,Grey, Dubai,"2013 chevrolet camaro with Adaptive cruise control, Bluetooth, Rear camera. Condition: Accident history."
lexus,lx600,2010,785350,112823,SUV,8,Automatic Transmission,Gasoline,White, Dubai,"2010 lexus lx600 with Sunroof, Rear camera, Adaptive cruise control. Condition: Minor scratches."
land-rover,discovery-sport,2012,93184,217507,SUV,4,Automatic Transmission,Gasoline,White, Dubai,"2012 land-rover discovery-sport with Navigation system, Leather seats, Bluetooth, Sunroof. Condition: Engine repaired."
porsche,cayenne,2016,103167,122972,Sports Car,8,Automatic Transmission,Gasoline,White, Abu Dhabi,"2016 porsche cayenne with Sunroof, Leather seats, Navigation system. Condition: Dented door."
chevrolet,silverado,2022,125793,254824,SUV,8,Automatic Transmission,Gasoline,White, Sharjah,"2022 chevrolet silverado with Navigation system, Sunroof, Rear camera. Condition: Repainted bumper."
infiniti,qx56,2007,18535,42670,SUV,8,Automatic Transmission,Gasoline,Silver, Sharjah,"2007 infiniti qx56 with Navigation system, Adaptive cruise control. Condition: Accident history."
lexus,lx-series,2006,95978,121781,SUV,8,Automatic Transmission,Gasoline,Black, Sharjah,"2006 lexus lx-series with Rear camera, Navigation system, Bluetooth. Condition: Dented door."
jeep,grand-cherokee,2022,59471,127314,SUV,6,Automatic Transmission,Gasoline,Red,Dubai,"2022 jeep grand-cherokee with Adaptive cruise control, Sunroof. Condition: Repainted bumper."
tesla,model-3,2015,261989,283297,Sedan,,Automatic Transmission,Electric,White, Dubai,"2015 tesla model-3 with Adaptive cruise control, Bluetooth. Condition: No damage."
mercedes-benz,c-class,2014,109480,254602,Hard Top Convertible,4,Automatic Transmission,Gasoline,White, Dubai,"2014 mercedes-benz c-class with Bluetooth, Leather seats, Sunroof, Adaptive cruise control. Condition: Accident history."
cadillac,escalade,2011,448228,179069,SUV,8,Automatic Transmission,Gasoline,Black, Dubai,"2011 cadillac escalade with Adaptive cruise control, Leather seats, Bluetooth, Sunroof. Condition: Dented door."
jeep,grand-cherokee,2006,183459,219043,SUV,6,Automatic Transmission,Gasoline,Grey, Dubai,"2006 jeep grand-cherokee with Sunroof, Navigation system. Condition: Minor scratches."
hyundai,tucson,2014,55190,277724,SUV,4,Automatic Transmission,Gasoline,White, Dubai,"2014 hyundai tucson with Leather seats, Adaptive cruise control, Sunroof, Bluetooth. Condition: Dented door."
ford,focus,2007,29030,208124,Sedan,4,Automatic Transmission,Gasoline,White, Dubai,"2007 ford focus with Bluetooth, Leather seats, Adaptive cruise control, Sunroof. Condition: Accident history."
nissan,patrol,2010,132986,199988,SUV,8,Automatic Transmission,Gasoline,White, Dubai,"2010 nissan patrol with Rear camera, Navigation system, Leather seats. Condition: Accident history."
bmw,x5,2009,78427,254351,SUV,8,Automatic Transmission,Gasoline,White, Dubai,"2009 bmw x5 with Sunroof, Navigation system. Condition: Dented door."
ford,edge,2010,39454,231942,SUV,6,Automatic Transmission,Gasoline,Brown, Abu Dhabi,"2010 ford edge with Rear camera, Sunroof, Adaptive cruise control. Condition: Minor scratches."
audi,q8,2017,237019,10346,SUV,6,Automatic Transmission,Gasoline,Black, Dubai,"2017 audi q8 with Leather seats, Adaptive cruise control. Condition: Engine repaired."
land-rover,range-rover,2010,529636,262297,SUV,6,Automatic Transmission,Gasoline,White, Dubai,"2010 land-rover range-rover with Leather seats, Adaptive cruise control, Sunroof. Condition: Minor scratches."
mercedes-benz,g-class,2013,483781,262575,SUV,8,Automatic Transmission,Gasoline,Burgundy, Dubai,"2013 mercedes-benz g-class with Bluetooth, Rear camera, Sunroof. Condition: Engine repaired."
mercedes-benz,gle-coupe,2022,670012,297489,SUV,6,Automatic Transmission,Gasoline,White, Dubai,"2022 mercedes-benz gle-coupe with Navigation system, Leather seats, Adaptive cruise control. Condition: Accident history."
nissan,altima,2009,28942,64638,Sedan,4,Automatic Transmission,Gasoline,Black, Dubai,"2009 nissan altima with Adaptive cruise control, Rear camera, Navigation system. Condition: No damage."
ferrari,458-italia,2018,672227,62271,Coupe,8,Automatic Transmission,Gasoline,Red, Dubai,"2018 ferrari 458-italia with Sunroof, Navigation system, Rear camera. Condition: Dented door."
volvo,xc90,2011,17361,171555,SUV,8,Automatic Transmission,Gasoline,Silver, Dubai,"2011 volvo xc90 with Sunroof, Adaptive cruise control, Leather seats, Bluetooth. Condition: Engine repaired."
nissan,patrol,2024,134991,265092,SUV,8,Automatic Transmission,Gasoline,White, Abu Dhabi,"2024 nissan patrol with Leather seats, Bluetooth, Navigation system. Condition: Repainted bumper."
rolls-royce,wraith,2023,884378,86067,Coupe,12,Automatic Transmission,Gasoline,Black, Dubai,"2023 rolls-royce wraith with Sunroof, Adaptive cruise control, Navigation system. Condition: Dented door."
porsche,carrera,2022,212781,224288,Sports Car,6,Automatic Transmission,Gasoline,White, Dubai,"2022 porsche carrera with Bluetooth, Navigation system. Condition: Minor scratches."
mercedes-benz,c-class,2014,152164,191291,Sedan,8,Automatic Transmission,Gasoline,Black, Sharjah,"2014 mercedes-benz c-class with Sunroof, Navigation system, Adaptive cruise control. Condition: Repainted bumper."
toyota,avanza,2021,31144,130536,Van,4,Automatic Transmission,Gasoline,White, Dubai,"2021 toyota avanza with Sunroof, Adaptive cruise control, Bluetooth, Leather seats. Condition: Minor scratches."
land-rover,range-rover,2024,362830,272263,SUV,8,Automatic Transmission,Gasoline,Silver, Dubai,"2024 land-rover range-rover with Rear camera, Navigation system, Adaptive cruise control, Bluetooth. Condition: Accident history."
audi,q5,2023,189574,15562,SUV,6,Automatic Transmission,Gasoline,Blue, Dubai,"2023 audi q5 with Rear camera, Bluetooth, Leather seats. Condition: Minor scratches."
bmw,5-series,2007,68207,227510,Sedan,4,Automatic Transmission,Gasoline,Brown, Dubai,"2007 bmw 5-series with Navigation system, Rear camera. Condition: Dented door."
nissan,patrol,2012,212667,150220,SUV,8,Automatic Transmission,Gasoline,Beige, Dubai,"2012 nissan patrol with Adaptive cruise control, Navigation system. Condition: Repainted bumper."
land-rover,lr3,2012,23344,52952,SUV,8,Automatic Transmission,Gasoline,Black, Dubai,"2012 land-rover lr3 with Bluetooth, Rear camera, Sunroof, Leather seats. Condition: Dented door."
mazda,3,2015,16635,218418,Sedan,4,Automatic Transmission,Gasoline,Silver, Dubai,"2015 mazda 3 with Adaptive cruise control, Sunroof, Leather seats. Condition: No damage."
toyota,land-cruiser,2013,136446,282843,SUV,6,Automatic Transmission,Gasoline,White,Ajman,"2013 toyota land-cruiser with Bluetooth, Sunroof, Leather seats. Condition: Engine repaired."
ford,taurus,2007,66568,28139,Sedan,6,Automatic Transmission,Gasoline,Burgundy, Dubai,"2007 ford taurus with Bluetooth, Adaptive cruise control. Condition: Engine repaired."
bentley,continental-flying-spur,2008,242854,172310,Sedan,6,Automatic Transmission,Gasoline,Black, Dubai,"2008 bentley continental-flying-spur with Bluetooth, Rear camera, Navigation system, Adaptive cruise control. Condition: Repainted bumper."
land-rover,range-rover,2021,542598,133362,SUV,8,Automatic Transmission,Gasoline,Black, Dubai,"2021 land-rover range-rover with Rear camera, Leather seats, Navigation system. Condition: Dented door."
mercedes-benz,g-class,2021,893759,76951,SUV,8,Automatic Transmission,Gasoline,Grey, Dubai,"2021 mercedes-benz g-class with Sunroof, Rear camera, Bluetooth, Navigation system. Condition: Accident history."
mitsubishi,pajero,2013,77306,61805,SUV,6,Automatic Transmission,Gasoline,White, Dubai,"2013 mitsubishi pajero with Sunroof, Navigation system. Condition: Engine repaired."
mercedes-benz,g-class,2013,264781,80364,SUV,8,Automatic Transmission,Gasoline,Grey, Dubai,"2013 mercedes-benz g-class with Bluetooth, Rear camera. Condition: Accident history."
mercedes-benz,gl-class,2024,122472,272408,SUV,8,Automatic Transmission,Gasoline,Silver, Dubai,"2024 mercedes-benz gl-class with Navigation system, Bluetooth, Adaptive cruise control, Leather seats. Condition: Engine repaired."
mitsubishi,pajero,2012,84249,86534,SUV,6,Automatic Transmission,Gasoline,White, Dubai,"2012 mitsubishi pajero with Sunroof, Navigation system. Condition: Dented door."
ferrari,california,2008,239144,12410,Hard Top Convertible,8,Automatic Transmission,Gasoline,Red, Dubai,"2008 ferrari california with Leather seats, Rear camera, Bluetooth. Condition: Repainted bumper."
land-rover,range-rover,2013,386641,154652,SUV,8,Automatic Transmission,Gasoline,Blue, Dubai,"2013 land-rover range-rover with Bluetooth, Navigation system, Sunroof. Condition: Dented door."
nissan,370z,2019,39281,120587,Coupe,6,Automatic Transmission,Gasoline,Silver, Abu Dhabi,"2019 nissan 370z with Navigation system, Sunroof, Adaptive cruise control. Condition: No damage."
infiniti,qx60,2007,48795,193321,SUV,6,Automatic Transmission,Gasoline,Silver, Dubai,"2007 infiniti qx60 with Adaptive cruise control, Sunroof, Bluetooth, Leather seats. Condition: Repainted bumper."
kia,quoris,2009,44675,241316,Sedan,6,Automatic Transmission,Gasoline,Brown, Dubai,"2009 kia quoris with Adaptive cruise control, Leather seats. Condition: Accident history."
land-rover,range-rover,2019,142351,24980,SUV,8,Automatic Transmission,Gasoline,Gold, Dubai,"2019 land-rover range-rover with Navigation system, Rear camera, Leather seats. Condition: Repainted bumper."
mercedes-benz,e-class,2013,82097,186382,Coupe,6,Automatic Transmission,Gasoline,Black, Dubai,"2013 mercedes-benz e-class with Adaptive cruise control, Leather seats, Navigation system. Condition: Engine repaired."
lamborghini,urus,2016,1355096,168796,SUV,8,Automatic Transmission,Gasoline,Orange, Dubai,"2016 lamborghini urus with Leather seats, Adaptive cruise control, Sunroof. Condition: Repainted bumper."
chevrolet,tahoe,2022,76052,253929,SUV,8,Automatic Transmission,Gasoline,Black, Dubai,"2022 chevrolet tahoe with Bluetooth, Navigation system. Condition: Accident history."
ford,mustang,2022,91123,76175,Sports Car,8,Manual Transmission,Gasoline,Red, Sharjah,"2022 ford mustang with Bluetooth, Navigation system, Rear camera. Condition: Engine repaired."
infiniti,q80,2005,219976,244918,SUV,8,Automatic Transmission,Gasoline,White, Dubai,"2005 infiniti q80 with Rear camera, Navigation system, Bluetooth. Condition: Minor scratches."
land-rover,defender,2010,382750,290413,SUV,6,Automatic Transmission,Gasoline,Silver, Dubai,"2010 land-rover defender with Bluetooth, Rear camera. Condition: Dented door."
mitsubishi,pajero,2012,55306,289543,SUV,6,Automatic Transmission,Gasoline,Grey, Dubai,"2012 mitsubishi pajero with Sunroof, Bluetooth. Condition: Dented door."
renault,dokker,2011,38507,171420,Van,4,Manual Transmission,Gasoline,White, Sharjah,"2011 renault dokker with Adaptive cruise control, Sunroof, Leather seats. Condition: Accident history."
land-rover,range-rover-sport,2016,114314,150367,SUV,6,Automatic Transmission,Gasoline,White, Dubai,"2016 land-rover range-rover-sport with Bluetooth, Sunroof. Condition: Accident history."
land-rover,range-rover,2018,190414,239067,SUV,8,Automatic Transmission,Gasoline,White, Dubai,"2018 land-rover range-rover with Adaptive cruise control, Navigation system, Rear camera, Leather seats. Condition: Repainted bumper."
jeep,grand-cherokee,2007,178196,143387,Sedan,6,Automatic Transmission,Gasoline,Silver, Dubai,"2007 jeep grand-cherokee with Rear camera, Leather seats, Sunroof, Navigation system. Condition: Engine repaired."
nissan,patrol,2008,133981,140075,SUV,6,Automatic Transmission,Gasoline,White, Dubai,"2008 nissan patrol with Navigation system, Bluetooth, Rear camera. Condition: Repainted bumper."
mazda,cx-9,2024,25350,25558,SUV,6,Automatic Transmission,Gasoline,Red, Sharjah,"2024 mazda cx-9 with Rear camera, Navigation system, Bluetooth. Condition: Accident history."
mercedes-benz,c-class,2014,230843,248037,Sedan,4,Automatic Transmission,Gasoline,Gold, Dubai,"2014 mercedes-benz c-class with Rear camera, Sunroof, Bluetooth, Navigation system. Condition: Minor scratches."
nissan,patrol,2010,86011,218081,Other,8,Automatic Transmission,Gasoline,White, Abu Dhabi,"2010 nissan patrol with Sunroof, Navigation system, Bluetooth, Adaptive cruise control. Condition: Accident history."
lexus,lx-series,2008,117725,181073,SUV,8,Automatic Transmission,Gasoline,Black, Abu Dhabi,"2008 lexus lx-series with Navigation system, Leather seats. Condition: Dented door."
bentley,bentayga,2006,471537,103982,SUV,12,Automatic Transmission,Gasoline,Gold, Dubai,"2006 bentley bentayga with Rear camera, Navigation system. Condition: Minor scratches."
gmc,acadia,2020,38837,39804,SUV,6,Automatic Transmission,Gasoline,Silver, Dubai,"2020 gmc acadia with Bluetooth, Navigation system. Condition: Accident history."
mini,countryman,2019,186936,283349,Hatchback,4,Automatic Transmission,Gasoline,Green, Dubai,"2019 mini countryman with Rear camera, Navigation system, Bluetooth, Adaptive cruise control. Condition: Repainted bumper."
dodge,charger,2009,59021,51082,Sedan,6,Automatic Transmission,Gasoline,Silver, Dubai,"2009 dodge charger with Bluetooth, Navigation system, Adaptive cruise control. Condition: No damage."
gmc,yukon,2008,119217,93047,SUV,8,Automatic Transmission,Gasoline,Grey, Dubai,"2008 gmc yukon with Bluetooth, Sunroof, Leather seats, Navigation system. Condition: Accident history."
dodge,charger,2014,56762,124783,Sports Car,8,Automatic Transmission,Gasoline,Red, Ajman,"2014 dodge charger with Bluetooth, Adaptive cruise control, Rear camera. Condition: Accident history."
mitsubishi,pajero,2010,37484,245474,SUV,6,Automatic Transmission,Gasoline,White, Sharjah,"2010 mitsubishi pajero with Navigation system, Rear camera, Leather seats, Bluetooth. Condition: Repainted bumper."
mercedes-benz,glc,2022,162874,161773,Crossover,4,Automatic Transmission,Gasoline,Black, Dubai,"2022 mercedes-benz glc with Leather seats, Rear camera. Condition: No damage."
land-rover,range-rover,2022,28945,168272,SUV,8,Automatic Transmission,Gasoline,Gold, Dubai,"2022 land-rover range-rover with Bluetooth, Leather seats, Sunroof. Condition: Repainted bumper."
mercedes-benz,cls-class,2013,95633,114222,Sedan,6,Automatic Transmission,Gasoline,Grey, Dubai,"2013 mercedes-benz cls-class with Rear camera, Navigation system, Bluetooth. Condition: Accident history."
honda,civic,2016,43939,30405,Sedan,4,Automatic Transmission,Gasoline,Black, Abu Dhabi,"2016 honda civic with Sunroof, Leather seats, Navigation system, Rear camera. Condition: Dented door."
mercedes-benz,e-class,2005,57029,287356,Sedan,6,Automatic Transmission,Gasoline,Black, Dubai,"2005 mercedes-benz e-class with Adaptive cruise control, Leather seats, Sunroof, Bluetooth. Condition: Dented door."
cadillac,ats,2024,53214,287819,Sedan,4,Automatic Transmission,Gasoline,Red, Ajman,"2024 cadillac ats with Bluetooth, Navigation system, Adaptive cruise control, Sunroof. Condition: Accident history."
mitsubishi,attrage,2012,23363,51288,Sedan,3,Automatic Transmission,Gasoline,Silver, Dubai,"2012 mitsubishi attrage with Sunroof, Bluetooth. Condition: Accident history."
ford,f-series-pickup,2013,105833,249818,SUV,8,Automatic Transmission,Gasoline,White, Abu Dhabi,"2013 ford f-series-pickup with Adaptive cruise control, Leather seats, Rear camera. Condition: Repainted bumper."
bmw,7-series,2005,68420,210361,Sedan,8,Automatic Transmission,Gasoline,White, Dubai,"2005 bmw 7-series with Navigation system, Leather seats, Rear camera, Sunroof. Condition: Minor scratches."
maserati,levante,2005,260028,167163,SUV,6,Automatic Transmission,Gasoline,Black, Dubai,"2005 maserati levante with Rear camera, Leather seats. Condition: No damage."
bmw,x5,2013,253369,299366,SUV,6,Automatic Transmission,Gasoline,Black, Dubai,"2013 bmw x5 with Navigation system, Sunroof, Leather seats, Bluetooth. Condition: Accident history."
lexus,lx-series,2014,91278,214068,SUV,8,Automatic Transmission,Gasoline,White, Abu Dhabi,"2014 lexus lx-series with Leather seats, Sunroof, Rear camera. Condition: Repainted bumper."
jeep,wrangler-unlimited,2022,107223,280600,Hard Top Convertible,6,Automatic Transmission,Gasoline,Grey, Dubai,"2022 jeep wrangler-unlimited with Navigation system, Rear camera, Adaptive cruise control, Leather seats. Condition: No damage."
ford,f-series-pickup,2012,146209,182410,Pick Up Truck,6,Manual Transmission,Gasoline,Red, Dubai,"2012 ford f-series-pickup with Adaptive cruise control, Sunroof. Condition: Dented door."
ford,escape,2016,37042,71013,SUV,4,Automatic Transmission,Gasoline,Silver, Dubai,"2016 ford escape with Bluetooth, Sunroof. Condition: Accident history."
porsche,cayenne,2010,384290,247794,SUV,6,Automatic Transmission,Gasoline,White, Dubai,"2010 porsche cayenne with Navigation system, Adaptive cruise control, Bluetooth. Condition: Minor scratches."
ford,mustang,2023,122871,188323,Coupe,8,Automatic Transmission,Gasoline,White, Dubai,"2023 ford mustang with Adaptive cruise control, Bluetooth. Condition: No damage."
audi,q5,2011,86734,247991,SUV,6,Automatic Transmission,Gasoline,Blue, Dubai,"2011 audi q5 with Adaptive cruise control, Rear camera, Navigation system, Bluetooth. Condition: Repainted bumper."
kia,optima,2023,39241,247893,Sedan,4,Automatic Transmission,Gasoline,White, Dubai,"2023 kia optima with Sunroof, Adaptive cruise control. Condition: No damage."
nissan,patrol,2017,142314,145955,SUV,8,Automatic Transmission,Gasoline,White, Dubai,"2017 nissan patrol with Navigation system, Leather seats, Adaptive cruise control, Rear camera. Condition: Dented door."
audi,a3,2015,50311,261661,Sedan,4,Automatic Transmission,Gasoline,Grey, Dubai,"2015 audi a3 with Sunroof, Leather seats, Navigation system. Condition: No damage."
nissan,sunny,2012,17486,73940,Sedan,4,Automatic Transmission,Gasoline,White, Abu Dhabi,"2012 nissan sunny with Leather seats, Navigation system, Adaptive cruise control, Sunroof. Condition: No damage."
lincoln,mkx,2016,28982,139936,SUV,6,Automatic Transmission,Gasoline,Brown, Dubai,"2016 lincoln mkx with Leather seats, Adaptive cruise control. Condition: Dented door."
nissan,patrol,2023,140141,109434,SUV,6,Automatic Transmission,Gasoline,White, Dubai,"2023 nissan patrol with Rear camera, Adaptive cruise control. Condition: Dented door."
nissan,patrol,2010,122889,111054,SUV,8,Automatic Transmission,Gasoline,Grey, Dubai,"2010 nissan patrol with Rear camera, Adaptive cruise control, Navigation system, Leather seats. Condition: Engine repaired."
honda,crosstour,2006,57246,226674,Crossover,6,Automatic Transmission,Gasoline,Blue, Dubai,"2006 honda crosstour with Leather seats, Bluetooth, Rear camera. Condition: Accident history."
volkswagen,golf,2010,56507,294238,Hatchback,4,Automatic Transmission,Gasoline,Grey, Dubai,"2010 volkswagen golf with Rear camera, Bluetooth, Adaptive cruise control, Leather seats. Condition: Engine repaired."
lexus,ls-series,2023,29006,257228,Sedan,8,Automatic Transmission,Gasoline,Grey, Sharjah,"2023 lexus ls-series with Rear camera, Bluetooth, Navigation system. Condition: Repainted bumper."
mercedes-benz,gle-class,2013,345388,272438,SUV,4,Automatic Transmission,Gasoline,Other Color, Dubai,"2013 mercedes-benz gle-class with Sunroof, Bluetooth. Condition: Dented door."
audi,a8,2007,123363,264738,Sedan,6,Automatic Transmission,Gasoline,White, Dubai,"2007 audi a8 with Sunroof, Bluetooth. Condition: Repainted bumper."
nissan,maxima,2016,48967,68542,Sedan,6,Automatic Transmission,Gasoline,Purple, Dubai,"2016 nissan maxima with Adaptive cruise control, Bluetooth. Condition: Accident history."
honda,accord,2017,34064,197694,Sedan,4,Automatic Transmission,Gasoline,Black, Dubai,"2017 honda accord with Navigation system, Rear camera, Bluetooth, Leather seats. Condition: No damage."
honda,civic,2023,63058,52486,Sedan,4,Automatic Transmission,Gasoline,White, Dubai,"2023 honda civic with Rear camera, Leather seats. Condition: Accident history."
kia,optima,2005,41168,78847,Sedan,4,Automatic Transmission,Gasoline,White, Dubai,"2005 kia optima with Adaptive cruise control, Navigation system. Condition: Minor scratches."
mercedes-benz,g-class,2006,1146454,111307,SUV,8,Automatic Transmission,Gasoline,Grey, Dubai,"2006 mercedes-benz g-class with Sunroof, Leather seats. Condition: Repainted bumper."
audi,a6,2016,50809,84300,Sedan,6,Automatic Transmission,Gasoline,Brown, Dubai,"2016 audi a6 with Navigation system, Bluetooth, Leather seats, Adaptive cruise control. Condition: Accident history."
lexus,rx-series,2017,86697,159239,SUV,6,Automatic Transmission,Gasoline,Gold, Abu Dhabi,"2017 lexus rx-series with Bluetooth, Rear camera. Condition: No damage."
bmw,7-series,2009,420664,64060,Sedan,8,Automatic Transmission,Gasoline,Black, Abu Dhabi,"2009 bmw 7-series with Adaptive cruise control, Bluetooth, Sunroof, Rear camera. Condition: Minor scratches."
mitsubishi,pajero,2021,55658,69438,SUV,6,Automatic Transmission,Gasoline,Silver, Dubai,"2021 mitsubishi pajero with Bluetooth, Adaptive cruise control, Navigation system. Condition: Dented door."
ford,escape,2019,39149,149479,SUV,4,Automatic Transmission,Gasoline,Blue, Dubai,"2019 ford escape with Sunroof, Leather seats, Navigation system. Condition: Repainted bumper."
mercedes-benz,e-class,2012,38472,52731,Coupe,4,Automatic Transmission,Gasoline,White, Dubai,"2012 mercedes-benz e-class with Bluetooth, Leather seats. Condition: Dented door."
jeep,wrangler-unlimited,2012,235245,254697,SUV,6,Automatic Transmission,Gasoline,White, Dubai,"2012 jeep wrangler-unlimited with Sunroof, Leather seats, Navigation system, Rear camera. Condition: Repainted bumper."
nissan,versa,2019,22157,220922,Sedan,4,Automatic Transmission,Gasoline,Red, Dubai,"2019 nissan versa with Adaptive cruise control, Bluetooth, Sunroof. Condition: Repainted bumper."
bmw,4-series,2017,112194,180741,Sedan,4,Automatic Transmission,Gasoline,Blue, Dubai,"2017 bmw 4-series with Leather seats, Adaptive cruise control, Rear camera, Navigation system. Condition: Accident history."
mercedes-benz,c-class,2015,277601,162847,Sedan,4,Automatic Transmission,Gasoline,White, Dubai,"2015 mercedes-benz c-class with Navigation system, Rear camera, Bluetooth. Condition: Dented door."
ford,edge,2023,78096,212645,SUV,6,Automatic Transmission,Gasoline,Blue, Dubai,"2023 ford edge with Navigation system, Leather seats, Sunroof. Condition: Dented door."
nissan,patrol,2015,144029,293852,SUV,6,Automatic Transmission,Gasoline,Black, Sharjah,"2015 nissan patrol with Adaptive cruise control, Leather seats. Condition: No damage."
toyota,hiace,2020,113598,108181,Pick Up Truck,6,Manual Transmission,Gasoline,White, Ajman,"2020 toyota hiace with Rear camera, Sunroof, Navigation system, Adaptive cruise control. Condition: No damage."
toyota,hiace,2011,43588,56465,Van,4,Automatic Transmission,Gasoline,White, Dubai,"2011 toyota hiace with Leather seats, Sunroof. Condition: Minor scratches."
dodge,durango,2014,51141,187503,SUV,6,Automatic Transmission,Gasoline,Gold, Dubai,"2014 dodge durango with Bluetooth, Rear camera, Adaptive cruise control, Sunroof. Condition: Minor scratches."
bmw,3-series,2024,20308,211980,Sedan,4,Automatic Transmission,Gasoline,Black, Dubai,"2024 bmw 3-series with Sunroof, Navigation system, Adaptive cruise control. Condition: Engine repaired."
jeep,grand-cherokee,2018,51017,158954,SUV,6,Automatic Transmission,Gasoline,Silver, Sharjah,"2018 jeep grand-cherokee with Rear camera, Sunroof. Condition: Accident history."
lotus,evora,2011,390380,66282,Coupe,6,Automatic Transmission,Gasoline,Silver, Dubai,"2011 lotus evora with Adaptive cruise control, Rear camera, Bluetooth. Condition: Repainted bumper."
mitsubishi,pajero,2019,31023,156229,SUV,6,Automatic Transmission,Gasoline,Black, Dubai,"2019 mitsubishi pajero with Sunroof, Leather seats. Condition: Dented door."
lexus,es-series,2012,159447,209521,Sedan,6,Automatic Transmission,Gasoline,White, Sharjah,"2012 lexus es-series with Navigation system, Adaptive cruise control, Leather seats, Bluetooth. Condition: No damage."
ferrari,488-gtb,2017,918517,35186,Coupe,8,Automatic Transmission,Gasoline,Red, Dubai,"2017 ferrari 488-gtb with Navigation system, Sunroof, Leather seats. Condition: Dented door."
bmw,x6,2016,175795,178316,SUV,8,Automatic Transmission,Gasoline,Black, Dubai,"2016 bmw x6 with Adaptive cruise control, Navigation system, Leather seats. Condition: Dented door."
lexus,rx-series,2019,180754,260235,SUV,6,Automatic Transmission,Hybrid,Silver, Dubai,"2019 lexus rx-series with Bluetooth, Navigation system, Adaptive cruise control, Rear camera. Condition: Repainted bumper."
bmw,7-series,2005,170338,144138,Sedan,8,Automatic Transmission,Gasoline,Brown, Dubai,"2005 bmw 7-series with Sunroof, Leather seats, Navigation system. Condition: No damage."
kia,optima,2018,38552,187129,Sedan,4,Automatic Transmission,Gasoline,White, Dubai,"2018 kia optima with Sunroof, Rear camera, Navigation system, Adaptive cruise control. Condition: Engine repaired."
mercedes-benz,g-class,2022,146553,295444,SUV,8,Automatic Transmission,Gasoline,Burgundy, Dubai,"2022 mercedes-benz g-class with Bluetooth, Navigation system, Adaptive cruise control, Leather seats. Condition: Dented door."
hyundai,tucson,2011,127541,173773,SUV,4,Automatic Transmission,Gasoline,White, Dubai,"2011 hyundai tucson with Adaptive cruise control, Rear camera. Condition: Repainted bumper."
porsche,panamera,2016,462714,223210,Coupe,6,Automatic Transmission,Gasoline,White, Al Ain,"2016 porsche panamera with Navigation system, Leather seats, Rear camera, Sunroof. Condition: Accident history."
mercedes-benz,s-class,2019,178418,94331,Sedan,8,Automatic Transmission,Gasoline,White, Dubai,"2019 mercedes-benz s-class with Adaptive cruise control, Bluetooth, Leather seats, Rear camera. Condition: Accident history."
bmw,7-series,2008,132980,286429,Sedan,8,Automatic Transmission,Gasoline,White, Abu Dhabi,"2008 bmw 7-series with Leather seats, Bluetooth, Navigation system, Sunroof. Condition: No damage."
lexus,rx-series,2016,189744,221868,SUV,6,Automatic Transmission,Gasoline,White, Sharjah,"2016 lexus rx-series with Rear camera, Sunroof, Adaptive cruise control. Condition: Minor scratches."
mitsubishi,l200,2012,60242,11841,Pick Up Truck,4,Manual Transmission,Diesel,White, Dubai,"2012 mitsubishi l200 with Navigation system, Bluetooth, Sunroof. Condition: Engine repaired."
jeep,grand-cherokee,2020,30436,175616,SUV,8,Automatic Transmission,Gasoline,Red, Dubai,"2020 jeep grand-cherokee with Rear camera, Bluetooth. Condition: Dented door."
rolls-royce,cullinan,2013,1981429,124899,SUV,12,Automatic Transmission,Gasoline,White, Dubai,"2013 rolls-royce cullinan with Bluetooth, Leather seats. Condition: No damage."
toyota,rav-4,2007,140395,157956,SUV,4,Automatic Transmission,Gasoline,Green, Dubai,"2007 toyota rav-4 with Bluetooth, Sunroof. Condition: Minor scratches."
mini,cooper,2010,40705,171102,Coupe,4,Automatic Transmission,Gasoline,Beige, Sharjah,"2010 mini cooper with Bluetooth, Navigation system, Leather seats. Condition: Accident history."
lexus,is-series,2009,20692,254465,Sedan,6,Automatic Transmission,Gasoline,White, Abu Dhabi,"2009 lexus is-series with Sunroof, Navigation system, Leather seats. Condition: Engine repaired."
nissan,patrol,2020,79833,101268,SUV,6,Automatic Transmission,Gasoline,White, Dubai,"2020 nissan patrol with Bluetooth, Sunroof, Leather seats, Rear camera. Condition: Repainted bumper."
mercedes-benz,cla,2011,96722,131299,Sports Car,4,Automatic Transmission,Gasoline,Grey,Abu Dhabi,"2011 mercedes-benz cla with Leather seats, Rear camera. Condition: Repainted bumper."
mercedes-benz,s-class,2006,24889,26807,Sedan,6,Automatic Transmission,Gasoline,Blue, Dubai,"2006 mercedes-benz s-class with Sunroof, Adaptive cruise control, Navigation system. Condition: No damage."
mclaren,675lt,2017,2020344,271466,Coupe,8,Automatic Transmission,Gasoline,Green, Dubai,"2017 mclaren 675lt with Leather seats, Sunroof. Condition: Accident history."
toyota,prado,2009,42832,73152,SUV,6,Automatic Transmission,Gasoline,Silver, Dubai,"2009 toyota prado with Sunroof, Navigation system, Rear camera, Adaptive cruise control. Condition: Minor scratches."
bmw,3-series,2022,30246,218922,Sedan,4,Automatic Transmission,Gasoline,White, Dubai,"2022 bmw 3-series with Rear camera, Leather seats, Navigation system, Adaptive cruise control. Condition: Repainted bumper."
jeep,wrangler-unlimited,2012,123326,30661,SUV,6,Automatic Transmission,Gasoline,White, Sharjah,"2012 jeep wrangler-unlimited with Leather seats, Adaptive cruise control. Condition: Repainted bumper."
toyota,prado,2008,67486,202525,SUV,6,Automatic Transmission,Gasoline,Black, Dubai,"2008 toyota prado with Navigation system, Leather seats. Condition: Minor scratches."
cadillac,escalade,2020,534239,90559,SUV,8,Automatic Transmission,Gasoline,Black, Dubai,"2020 cadillac escalade with Bluetooth, Rear camera. Condition: Engine repaired."
toyota,rav-4,2015,51827,298467,SUV,4,Automatic Transmission,Gasoline,Grey, Sharjah,"2015 toyota rav-4 with Sunroof, Rear camera. Condition: Minor scratches."
ford,pickup,2020,130055,28294,Pick Up Truck,8,Automatic Transmission,Gasoline,White, Dubai,"2020 ford pickup with Adaptive cruise control, Bluetooth, Sunroof. Condition: No damage."
peugeot,308,2012,54556,34568,Hatchback,4,Automatic Transmission,Gasoline,Brown, Dubai,"2012 peugeot 308 with Sunroof, Bluetooth, Leather seats, Adaptive cruise control. Condition: Dented door."
alfa-romeo,giulietta,2009,49710,109374,Hatchback,4,Automatic Transmission,Gasoline,Grey, Dubai,"2009 alfa-romeo giulietta with Navigation system, Leather seats, Adaptive cruise control, Rear camera. Condition: Minor scratches."
hyundai,elantra,2008,34226,94062,Sedan,4,Automatic Transmission,Gasoline,White, Dubai,"2008 hyundai elantra with Leather seats, Bluetooth, Navigation system, Sunroof. Condition: Engine repaired."
dodge,charger,2019,148520,234089,Sedan,6,Automatic Transmission,Gasoline,Silver, Dubai,"2019 dodge charger with Rear camera, Navigation system, Adaptive cruise control, Bluetooth. Condition: Repainted bumper."
nissan,altima,2010,66876,157802,Sedan,4,Automatic Transmission,Gasoline,White, Dubai,"2010 nissan altima with Leather seats, Navigation system. Condition: Accident history."
bmw,x1,2011,45080,207064,SUV,4,Automatic Transmission,Gasoline,Grey, Dubai,"2011 bmw x1 with Adaptive cruise control, Navigation system, Sunroof. Condition: Minor scratches."
toyota,fortuner,2015,23669,297364,SUV,6,Automatic Transmission,Gasoline,Red, Dubai,"2015 toyota fortuner with Navigation system, Leather seats, Bluetooth. Condition: Minor scratches."
bmw,x5,2007,49240,14253,SUV,4,Automatic Transmission,Gasoline,Black, Dubai,"2007 bmw x5 with Leather seats, Sunroof. Condition: Accident history."
fiat,fiat-500,2008,38765,179219,Hatchback,4,Automatic Transmission,Gasoline,Blue, Dubai,"2008 fiat fiat-500 with Adaptive cruise control, Navigation system, Sunroof, Rear camera. Condition: Dented door."
mercedes-benz,s-class,2014,77821,115714,Sedan,8,Automatic Transmission,Gasoline,Black, Dubai,"2014 mercedes-benz s-class with Bluetooth, Adaptive cruise control, Sunroof. Condition: No damage."
chevrolet,suburban,2014,19162,256645,SUV,8,Automatic Transmission,Gasoline,Brown, Abu Dhabi,"2014 chevrolet suburban with Adaptive cruise control, Sunroof, Bluetooth. Condition: Minor scratches."
volvo,v-class,2014,70938,87848,Hatchback,4,Automatic Transmission,Gasoline,Red, Dubai,"2014 volvo v-class with Sunroof, Navigation system, Rear camera. Condition: Engine repaired."
porsche,cayenne,2016,28674,161170,SUV,6,Automatic Transmission,Gasoline,White,Dubai,"2016 porsche cayenne with Navigation system, Sunroof, Leather seats, Bluetooth. Condition: Minor scratches."
porsche,cayman,2012,90179,51783,Coupe,6,Automatic Transmission,Gasoline,Black, Dubai,"2012 porsche cayman with Bluetooth, Rear camera, Navigation system, Adaptive cruise control. Condition: Repainted bumper."
toyota,hiace,2010,144051,267606,Van,6,Automatic Transmission,Gasoline,White, Dubai,"2010 toyota hiace with Bluetooth, Sunroof. Condition: Dented door."
kia,sorento,2009,14460,78915,SUV,6,Automatic Transmission,Gasoline,Red, Dubai,"2009 kia sorento with Sunroof, Adaptive cruise control, Rear camera. Condition: Engine repaired."
jeep,cherokee,2020,42305,190110,SUV,6,Automatic Transmission,Gasoline,Red, Sharjah,"2020 jeep cherokee with Adaptive cruise control, Bluetooth, Rear camera. Condition: Repainted bumper."
mazda,6,2010,50776,207152,Sedan,4,Automatic Transmission,Gasoline,Black, Dubai,"2010 mazda 6 with Navigation system, Rear camera, Adaptive cruise control. Condition: No damage."
audi,s7rs7,2010,755287,71520,Sedan,8,Automatic Transmission,Gasoline,Grey, Dubai,"2010 audi s7rs7 with Navigation system, Rear camera, Sunroof, Leather seats. Condition: Repainted bumper."
porsche,carrera,2018,861457,53492,Coupe,6,Automatic Transmission,Gasoline,Green, Dubai,"2018 porsche carrera with Adaptive cruise control, Leather seats, Navigation system. Condition: Engine repaired."
mercedes-benz,x-class,2020,183619,239663,SUV,4,Automatic Transmission,Diesel,Black, Dubai,"2020 mercedes-benz x-class with Rear camera, Bluetooth, Leather seats. Condition: Engine repaired."
lexus,rx-series,2019,153329,72552,SUV,6,Automatic Transmission,Gasoline,Silver, Sharjah,"2019 lexus rx-series with Adaptive cruise control, Leather seats, Navigation system, Bluetooth. Condition: Minor scratches."
bmw,x5,2017,66942,72730,SUV,8,Automatic Transmission,Gasoline,White, Dubai,"2017 bmw x5 with Leather seats, Sunroof, Adaptive cruise control, Bluetooth. Condition: No damage."
mercedes-benz,m-class,2010,21558,235235,SUV,6,Automatic Transmission,Gasoline,Red,Dubai,"2010 mercedes-benz m-class with Sunroof, Bluetooth, Adaptive cruise control. Condition: No damage."
porsche,cayenne,2010,88412,192328,SUV,6,Automatic Transmission,Gasoline,Black, Abu Dhabi,"2010 porsche cayenne with Leather seats, Sunroof. Condition: Accident history."
bmw,x5,2010,219655,258690,SUV,6,Automatic Transmission,Gasoline,Black, Sharjah,"2010 bmw x5 with Leather seats, Navigation system. Condition: Accident history."
infiniti,q50,2007,55904,192639,Sedan,4,Automatic Transmission,Gasoline,White, Dubai,"2007 infiniti q50 with Rear camera, Adaptive cruise control, Navigation system, Leather seats. Condition: Accident history."
gmc,acadia,2021,18506,113368,SUV,6,Automatic Transmission,Gasoline,White, Sharjah,"2021 gmc acadia with Navigation system, Leather seats, Bluetooth. Condition: Engine repaired."
bmw,5-series,2014,91558,77060,Sedan,6,Automatic Transmission,Gasoline,White, Dubai,"2014 bmw 5-series with Adaptive cruise control, Sunroof, Leather seats, Navigation system. Condition: Repainted bumper."
porsche,panamera,2018,91417,108115,Sedan,6,Automatic Transmission,Gasoline,Grey, Abu Dhabi,"2018 porsche panamera with Sunroof, Bluetooth, Leather seats. Condition: No damage."
hyundai,veracruz,2006,15930,282535,SUV,6,Automatic Transmission,Gasoline,Brown, Dubai,"2006 hyundai veracruz with Sunroof, Leather seats. Condition: Dented door."
mercedes-benz,c-class-coupe,2013,112106,228387,Coupe,4,Automatic Transmission,Gasoline,White, Sharjah,"2013 mercedes-benz c-class-coupe with Bluetooth, Rear camera, Navigation system, Leather seats. Condition: Engine repaired."
mercedes-benz,c-class,2014,136414,141265,Sedan,4,Automatic Transmission,Gasoline,Red, Sharjah,"2014 mercedes-benz c-class with Navigation system, Sunroof, Rear camera. Condition: No damage."
nissan,pathfinder,2008,51087,22689,SUV,6,Automatic Transmission,Gasoline,Brown, Dubai,"2008 nissan pathfinder with Navigation system, Bluetooth, Sunroof. Condition: Minor scratches."
nissan,navara,2013,36465,75699,Pick Up Truck,4,Automatic Transmission,Gasoline,White, Dubai,"2013 nissan navara with Sunroof, Adaptive cruise control. Condition: Engine repaired."
land-rover,range-rover,2006,119170,78839,SUV,8,Automatic Transmission,Gasoline,Black, Sharjah,"2006 land-rover range-rover with Adaptive cruise control, Bluetooth. Condition: Accident history."
dodge,ram,2007,47613,244130,Pick Up Truck,8,Automatic Transmission,Gasoline,White, Dubai,"2007 dodge ram with Adaptive cruise control, Rear camera, Leather seats, Navigation system. Condition: Accident history."
audi,a8,2017,107876,79527,Sedan,6,Automatic Transmission,Gasoline,Black, Dubai,"2017 audi a8 with Leather seats, Rear camera, Sunroof, Adaptive cruise control. Condition: Engine repaired."
nissan,tiida,2012,12792,190223,Sedan,4,Automatic Transmission,Gasoline,Black, Dubai,"2012 nissan tiida with Sunroof, Navigation system. Condition: Engine repaired."
mercedes-benz,gla,2008,81892,97229,SUV,4,Automatic Transmission,Gasoline,White, Dubai,"2008 mercedes-benz gla with Bluetooth, Sunroof, Leather seats. Condition: Engine repaired."
lamborghini,urus,2012,1018515,92770,Sports Car,8,Automatic Transmission,Gasoline,White, Dubai,"2012 lamborghini urus with Bluetooth, Leather seats, Rear camera. Condition: Repainted bumper."
toyota,camry,2007,10588,240470,Sedan,4,Automatic Transmission,Gasoline,Silver, Dubai,"2007 toyota camry with Adaptive cruise control, Leather seats. Condition: Repainted bumper."
rolls-royce,cullinan,2007,2062071,162118,SUV,12,Automatic Transmission,Gasoline,Red, Dubai,"2007 rolls-royce cullinan with Navigation system, Sunroof. Condition: Dented door."
tesla,model-3,2015,285134,34620,Sedan,,Automatic Transmission,Electric,White, Dubai,"2015 tesla model-3 with Rear camera, Navigation system, Leather seats, Sunroof. Condition: No damage."
mercedes-benz,c-class,2024,85359,221427,Sedan,4,Automatic Transmission,Gasoline,Black, Sharjah,"2024 mercedes-benz c-class with Sunroof, Bluetooth. Condition: Repainted bumper."
chevrolet,blazer,2013,147777,260804,SUV,6,Automatic Transmission,Gasoline,Black, Sharjah,"2013 chevrolet blazer with Sunroof, Rear camera, Adaptive cruise control. Condition: Minor scratches."
renault,other,2014,79413,169738,Hatchback,Unknown,Automatic Transmission,Electric,White, Dubai,"2014 renault other with Adaptive cruise control, Rear camera, Sunroof. Condition: Accident history."
ford,bronco,2010,279409,100858,SUV,6,Automatic Transmission,Gasoline,Blue, Dubai,"2010 ford bronco with Navigation system, Bluetooth. Condition: Engine repaired."
alfa-romeo,giulia,2013,126527,123751,Sedan,4,Automatic Transmission,Gasoline,Black, Dubai,"2013 alfa-romeo giulia with Leather seats, Bluetooth, Navigation system. Condition: Engine repaired."
jeep,grand-cherokee,2011,350835,60693,SUV,8,Automatic Transmission,Gasoline,Grey, Dubai,"2011 jeep grand-cherokee with Adaptive cruise control, Sunroof. Condition: Repainted bumper."
bmw,4-series,2005,92057,256276,Coupe,6,Automatic Transmission,Gasoline,Black, Dubai,"2005 bmw 4-series with Adaptive cruise control, Sunroof. Condition: Engine repaired."
mercedes-benz,s-class,2012,57996,107641,Sedan,6,Automatic Transmission,Gasoline,Brown, Abu Dhabi,"2012 mercedes-benz s-class with Adaptive cruise control, Rear camera, Sunroof, Bluetooth. Condition: No damage."
lexus,ls-series,2015,20376,93384,Sedan,8,Automatic Transmission,Gasoline,Black, Sharjah,"2015 lexus ls-series with Leather seats, Bluetooth. Condition: Accident history."
toyota,fj-cruiser,2018,70541,265715,SUV,6,Automatic Transmission,Gasoline,Green, Dubai,"2018 toyota fj-cruiser with Bluetooth, Leather seats, Rear camera, Adaptive cruise control. Condition: Minor scratches."
mitsubishi,pajero,2021,56639,247205,SUV,6,Automatic Transmission,Gasoline,Black, Dubai,"2021 mitsubishi pajero with Leather seats, Navigation system. Condition: Repainted bumper."
nissan,altima,2012,47470,152397,Sedan,4,Automatic Transmission,Gasoline,Grey, Dubai,"2012 nissan altima with Rear camera, Leather seats, Bluetooth, Sunroof. Condition: Engine repaired."
ford,f-series-pickup,2012,408161,81576,Pick Up Truck,6,Automatic Transmission,Gasoline,Grey, Dubai,"2012 ford f-series-pickup with Sunroof, Rear camera. Condition: Minor scratches."
hyundai,sonata,2013,36806,291017,Sedan,4,Automatic Transmission,Gasoline,Red, Dubai,"2013 hyundai sonata with Rear camera, Leather seats, Sunroof. Condition: Repainted bumper."
rolls-royce,ghost,2013,1384716,36406,Sedan,12,Automatic Transmission,Gasoline,Red, Dubai,"2013 rolls-royce ghost with Sunroof, Bluetooth, Adaptive cruise control. Condition: Accident history."
cadillac,escalade,2020,264125,28272,SUV,8,Automatic Transmission,Gasoline,White, Dubai,"2020 cadillac escalade with Sunroof, Rear camera, Navigation system, Adaptive cruise control. Condition: No damage."
mercedes-benz,cls-class,2011,231221,144818,Sedan,6,Automatic Transmission,Gasoline,Grey, Dubai,"2011 mercedes-benz cls-class with Navigation system, Bluetooth, Leather seats. Condition: Accident history."
mitsubishi,pajero,2009,36054,278350,SUV,6,Automatic Transmission,Gasoline,Grey, Dubai,"2009 mitsubishi pajero with Bluetooth, Rear camera, Adaptive cruise control. Condition: Dented door."
maybach,57,2020,362759,31884,Sedan,12,Automatic Transmission,Gasoline,Gold, Dubai,"2020 maybach 57 with Adaptive cruise control, Bluetooth. Condition: No damage."
mclaren,mp412c,2016,341896,82615,Coupe,8,Automatic Transmission,Gasoline,Blue, Dubai,"2016 mclaren mp412c with Rear camera, Adaptive cruise control. Condition: Minor scratches."
land-rover,range-rover-sport,2012,347268,184930,SUV,4,Automatic Transmission,Gasoline,Black, Dubai,"2012 land-rover range-rover-sport with Leather seats, Bluetooth, Adaptive cruise control. Condition: Repainted bumper."
bmw,x5,2011,158358,271847,SUV,6,Automatic Transmission,Gasoline,Silver, Dubai,"2011 bmw x5 with Leather seats, Adaptive cruise control, Sunroof. Condition: Repainted bumper."
porsche,panamera,2006,68080,212159,Sedan,8,Automatic Transmission,Gasoline,White, Sharjah,"2006 porsche panamera with Navigation system, Adaptive cruise control. Condition: Minor scratches."
land-rover,defender,2019,313982,57510,SUV,6,Automatic Transmission,Gasoline,Silver, Dubai,"2019 land-rover defender with Bluetooth, Leather seats, Sunroof. Condition: Engine repaired."
mercedes-benz,gl-class,2011,38428,138727,SUV,8,Automatic Transmission,Gasoline,Blue, Abu Dhabi,"2011 mercedes-benz gl-class with Sunroof, Bluetooth. Condition: Dented door."
bentley,continental-flying-spur,2005,91199,121489,Sedan,12,Automatic Transmission,Gasoline,Beige, Dubai,"2005 bentley continental-flying-spur with Rear camera, Adaptive cruise control. Condition: Repainted bumper."
cadillac,ats,2015,44129,173074,Sedan,4,Automatic Transmission,Gasoline,Red, Ajman,"2015 cadillac ats with Bluetooth, Rear camera, Leather seats. Condition: Repainted bumper."
volkswagen,jetta,2008,27273,17549,Sedan,4,Automatic Transmission,Gasoline,Red, Dubai,"2008 volkswagen jetta with Leather seats, Sunroof. Condition: Accident history."
honda,hr-v,2009,69207,275154,SUV,4,Automatic Transmission,Gasoline,Blue, Dubai,"2009 honda hr-v with Navigation system, Bluetooth, Leather seats. Condition: Minor scratches."
audi,a8,2009,26111,225590,Sedan,6,Automatic Transmission,Gasoline,Black, Dubai,"2009 audi a8 with Sunroof, Rear camera, Adaptive cruise control, Navigation system. Condition: Engine repaired."
hyundai,sonata,2012,28308,52790,Sedan,4,Automatic Transmission,Gasoline,Red, Dubai,"2012 hyundai sonata with Leather seats, Bluetooth, Rear camera. Condition: Accident history."
lamborghini,huracan,2022,709675,147381,Coupe,10,Automatic Transmission,Gasoline,Grey, Dubai,"2022 lamborghini huracan with Sunroof, Navigation system. Condition: Minor scratches."
rolls-royce,cullinan,2013,2015267,75356,SUV,12,Automatic Transmission,Gasoline,White, Dubai,"2013 rolls-royce cullinan with Bluetooth, Sunroof. Condition: No damage."
bmw,3-series,2011,33313,195913,Sedan,4,Automatic Transmission,Gasoline,Black, Dubai,"2011 bmw 3-series with Adaptive cruise control, Rear camera, Leather seats, Bluetooth. Condition: Accident history."
bmw,5-series,2009,245274,132569,Sedan,8,Automatic Transmission,Gasoline,Blue, Dubai,"2009 bmw 5-series with Rear camera, Bluetooth. Condition: Accident history."
audi,q7,2008,147247,106776,SUV,6,Automatic Transmission,Gasoline,Beige, Dubai,"2008 audi q7 with Leather seats, Navigation system, Sunroof. Condition: Engine repaired."
gmc,savana,2010,93220,197118,Van,6,Automatic Transmission,Gasoline,White, Dubai,"2010 gmc savana with Sunroof, Navigation system, Leather seats. Condition: Repainted bumper."
land-rover,range-rover,2006,141659,294473,SUV,8,Automatic Transmission,Gasoline,Black, Sharjah,"2006 land-rover range-rover with Rear camera, Adaptive cruise control, Navigation system, Leather seats. Condition: No damage."
nissan,patrol,2020,101879,148390,SUV,6,Automatic Transmission,Gasoline,White, Abu Dhabi,"2020 nissan patrol with Bluetooth, Sunroof, Leather seats. Condition: No damage."
bmw,x5,2010,103427,255347,SUV,6,Automatic Transmission,Gasoline,White, Dubai,"2010 bmw x5 with Adaptive cruise control, Rear camera, Bluetooth, Sunroof. Condition: Engine repaired."
toyota,land-cruiser,2010,281970,207596,SUV,6,Automatic Transmission,Gasoline,White, Dubai,"2010 toyota land-cruiser with Leather seats, Adaptive cruise control. Condition: Repainted bumper."
toyota,hiace,2017,44369,289359,Van,4,Manual Transmission,Gasoline,White, Dubai,"2017 toyota hiace with Rear camera, Navigation system. Condition: Dented door."
peugeot,208,2023,12773,16393,Hatchback,4,Automatic Transmission,Gasoline,Blue, Ajman,"2023 peugeot 208 with Sunroof, Adaptive cruise control. Condition: No damage."
land-rover,range-rover,2020,192824,12633,SUV,8,Automatic Transmission,Gasoline,White, Dubai,"2020 land-rover range-rover with Leather seats, Rear camera, Sunroof, Bluetooth. Condition: Accident history."
cadillac,srx,2016,45377,211315,SUV,6,Automatic Transmission,Gasoline,Brown, Abu Dhabi,"2016 cadillac srx with Navigation system, Leather seats, Sunroof. Condition: Repainted bumper."
mercedes-benz,e-class,2016,53142,290160,Sedan,6,Automatic Transmission,Gasoline,Black, Dubai,"2016 mercedes-benz e-class with Adaptive cruise control, Rear camera. Condition: No damage."
jeep,grand-cherokee,2011,78427,202693,SUV,6,Automatic Transmission,Gasoline,Black, Dubai,"2011 jeep grand-cherokee with Rear camera, Navigation system. Condition: No damage."
maserati,quattroporte,2021,263287,40901,Sedan,6,Automatic Transmission,Gasoline,Black, Abu Dhabi,"2021 maserati quattroporte with Bluetooth, Adaptive cruise control, Sunroof, Leather seats. Condition: Minor scratches."
infiniti,q70,2024,60696,184117,Sedan,6,Automatic Transmission,Gasoline,Black, Dubai,"2024 infiniti q70 with Bluetooth, Leather seats, Navigation system. Condition: No damage."
mercedes-benz,s-class,2010,846280,145171,Sedan,8,Automatic Transmission,Gasoline,Black, Dubai,"2010 mercedes-benz s-class with Rear camera, Navigation system, Bluetooth. Condition: Repainted bumper."
renault,duster,2011,37694,136163,Crossover,4,Automatic Transmission,Gasoline,Silver, Dubai,"2011 renault duster with Rear camera, Navigation system. Condition: Dented door."
gmc,yukon,2011,358714,49074,SUV,8,Automatic Transmission,Gasoline,Black, Dubai,"2011 gmc yukon with Bluetooth, Rear camera, Leather seats, Sunroof. Condition: Dented door."
mercedes-benz,gle-coupe,2010,288050,19515,SUV,8,Automatic Transmission,Gasoline,White, Dubai,"2010 mercedes-benz gle-coupe with Rear camera, Sunroof, Leather seats. Condition: Engine repaired."
mazda,3,2010,44687,130959,Sedan,4,Automatic Transmission,Gasoline,Red, Dubai,"2010 mazda 3 with Navigation system, Adaptive cruise control. Condition: Repainted bumper."
mercedes-benz,s-class,2019,612080,199633,Sedan,6,Automatic Transmission,Gasoline,Black, Dubai,"2019 mercedes-benz s-class with Sunroof, Leather seats. Condition: No damage."
mini,cooper,2005,124270,147874,Hatchback,4,Automatic Transmission,Gasoline,Black, Dubai,"2005 mini cooper with Rear camera, Navigation system, Adaptive cruise control. Condition: Engine repaired."
mercedes-benz,g-class,2017,692802,117037,SUV,8,Automatic Transmission,Gasoline,Black,Al Ain,"2017 mercedes-benz g-class with Leather seats, Bluetooth, Navigation system. Condition: Engine repaired."
land-rover,defender,2017,700871,46279,SUV,8,Automatic Transmission,Gasoline,Black, Dubai,"2017 land-rover defender with Sunroof, Rear camera, Bluetooth. Condition: No damage."
maserati,quattroporte,2005,34371,212392,Sedan,6,Automatic Transmission,Gasoline,Green, Dubai,"2005 maserati quattroporte with Sunroof, Leather seats, Bluetooth. Condition: Engine repaired."
ford,explorer,2006,62322,86595,SUV,6,Automatic Transmission,Gasoline,Red, Dubai,"2006 ford explorer with Rear camera, Adaptive cruise control. Condition: Engine repaired."
ford,focus,2017,37240,95100,Sedan,4,Automatic Transmission,Gasoline,White, Dubai,"2017 ford focus with Sunroof, Navigation system. Condition: Dented door."
toyota,fortuner,2011,74488,158229,SUV,4,Automatic Transmission,Gasoline,White, Sharjah,"2011 toyota fortuner with Rear camera, Leather seats, Bluetooth, Adaptive cruise control. Condition: Accident history."
ford,f-series-pickup,2008,164728,148383,Utility Truck,6,Automatic Transmission,Gasoline,Black, Sharjah,"2008 ford f-series-pickup with Sunroof, Adaptive cruise control, Rear camera. Condition: No damage."
land-rover,range-rover,2021,126881,131652,SUV,8,Automatic Transmission,Gasoline,Black, Dubai,"2021 land-rover range-rover with Leather seats, Sunroof, Rear camera. Condition: Dented door."
mercedes-benz,c-class,2022,164122,252075,Coupe,8,Automatic Transmission,Gasoline,White, Dubai,"2022 mercedes-benz c-class with Sunroof, Rear camera, Leather seats, Bluetooth. Condition: Repainted bumper."
honda,accord,2006,26818,216271,Sedan,4,Automatic Transmission,Gasoline,Grey, Dubai,"2006 honda accord with Rear camera, Adaptive cruise control. Condition: No damage."
lamborghini,urus,2007,1629280,72899,SUV,8,Automatic Transmission,Gasoline,Black, Dubai,"2007 lamborghini urus with Rear camera, Adaptive cruise control, Sunroof. Condition: Minor scratches."
mercedes-benz,s-class,2020,31985,241297,Sedan,6,Automatic Transmission,Gasoline,White, Dubai,"2020 mercedes-benz s-class with Rear camera, Navigation system, Leather seats, Sunroof. Condition: Dented door."
jaguar,f-type,2016,237270,20651,Soft Top Convertible,8,Automatic Transmission,Gasoline,Blue, Dubai,"2016 jaguar f-type with Adaptive cruise control, Leather seats. Condition: No damage."
land-rover,lr2,2007,24802,222509,SUV,6,Automatic Transmission,Gasoline,White, Dubai,"2007 land-rover lr2 with Leather seats, Adaptive cruise control. Condition: Dented door."
ford,explorer,2011,155659,204549,SUV,4,Automatic Transmission,Gasoline,White, Abu Dhabi,"2011 ford explorer with Adaptive cruise control, Navigation system, Leather seats, Rear camera. Condition: No damage."
ford,edge,2005,29763,77508,SUV,6,Automatic Transmission,Gasoline,Silver, Dubai,"2005 ford edge with Leather seats, Bluetooth, Sunroof. Condition: Accident history."
nissan,kicks,2011,46337,203014,SUV,4,Automatic Transmission,Gasoline,Grey, Dubai,"2011 nissan kicks with Sunroof, Rear camera, Leather seats, Navigation system. Condition: Accident history."
alfa-romeo,156159,2007,93845,233123,Sedan,6,Manual Transmission,Gasoline,Red, Dubai,"2007 alfa-romeo 156159 with Leather seats, Navigation system, Rear camera. Condition: Repainted bumper."
nissan,x-trail,2017,91972,206458,SUV,4,Automatic Transmission,Gasoline,Red, Dubai,"2017 nissan x-trail with Sunroof, Adaptive cruise control. Condition: Dented door."
ford,taurus,2013,27344,262001,Sedan,6,Automatic Transmission,Gasoline,Purple, Dubai,"2013 ford taurus with Sunroof, Adaptive cruise control. Condition: No damage."
ford,mustang,2016,26957,53123,Coupe,6,Manual Transmission,Gasoline,Black, Abu Dhabi,"2016 ford mustang with Bluetooth, Sunroof, Leather seats, Rear camera. Condition: Repainted bumper."
chevrolet,corvette,2014,193243,113380,Coupe,8,Manual Transmission,Gasoline,Blue, Abu Dhabi,"2014 chevrolet corvette with Leather seats, Sunroof, Adaptive cruise control. Condition: No damage."
honda,accord,2010,78491,72935,Sedan,4,Automatic Transmission,Gasoline,Other Color, Dubai,"2010 honda accord with Adaptive cruise control, Bluetooth, Rear camera. Condition: Minor scratches."
mercedes-benz,e-class,2023,101114,221534,Sedan,6,Automatic Transmission,Gasoline,White, Dubai,"2023 mercedes-benz e-class with Navigation system, Leather seats, Bluetooth, Sunroof. Condition: Accident history."
porsche,macan,2011,164878,247676,SUV,6,Automatic Transmission,Gasoline,Blue, Dubai,"2011 porsche macan with Navigation system, Leather seats. Condition: Minor scratches."
bmw,7-series,2014,325291,94275,Sedan,12,Automatic Transmission,Gasoline,White, Dubai,"2014 bmw 7-series with Sunroof, Rear camera, Leather seats. Condition: Repainted bumper."
mitsubishi,canter,2005,85679,22053,Van,4,Manual Transmission,Diesel,White, Sharjah,"2005 mitsubishi canter with Navigation system, Bluetooth, Sunroof. Condition: Dented door."
mercedes-benz,e-class,2024,449746,70852,Coupe,4,Automatic Transmission,Gasoline,White, Dubai,"2024 mercedes-benz e-class with Bluetooth, Adaptive cruise control, Navigation system. Condition: Minor scratches."
nissan,sunny,2014,15799,214136,Sedan,4,Automatic Transmission,Gasoline,White, Sharjah,"2014 nissan sunny with Adaptive cruise control, Leather seats. Condition: No damage."
nissan,navara,2022,35094,14561,Other,4,Manual Transmission,Gasoline,White, Sharjah,"2022 nissan navara with Adaptive cruise control, Leather seats, Sunroof, Rear camera. Condition: No damage."
chevrolet,silverado,2012,138574,72461,Pick Up Truck,8,Automatic Transmission,Gasoline,Grey, Dubai,"2012 chevrolet silverado with Adaptive cruise control, Navigation system, Leather seats. Condition: Accident history."
land-rover,range-rover-evoque,2009,93123,144967,SUV,4,Manual Transmission,Diesel,Red, Dubai,"2009 land-rover range-rover-evoque with Rear camera, Navigation system. Condition: Minor scratches."
gmc,acadia,2022,59986,99553,SUV,6,Automatic Transmission,Gasoline,Black, Dubai,"2022 gmc acadia with Sunroof, Adaptive cruise control. Condition: Accident history."
nissan,altima,2014,29199,65973,Sedan,4,Automatic Transmission,Gasoline,White, Dubai,"2014 nissan altima with Bluetooth, Rear camera, Sunroof, Adaptive cruise control. Condition: Dented door."
bmw,7-series,2011,85555,289556,Sedan,8,Automatic Transmission,Gasoline,Gold, Dubai,"2011 bmw 7-series with Rear camera, Navigation system, Bluetooth. Condition: Minor scratches."
mercedes-benz,c-class,2005,190173,180282,Sedan,8,Automatic Transmission,Gasoline,Grey, Dubai,"2005 mercedes-benz c-class with Rear camera, Navigation system, Adaptive cruise control, Leather seats. Condition: Dented door."
nissan,patrol,2017,370069,182981,SUV,8,Automatic Transmission,Gasoline,Beige, Dubai,"2017 nissan patrol with Rear camera, Sunroof, Adaptive cruise control, Leather seats. Condition: Dented door."
chevrolet,impala,2022,35857,204815,Sedan,6,Automatic Transmission,Gasoline,White, Dubai,"2022 chevrolet impala with Leather seats, Sunroof, Navigation system. Condition: Engine repaired."
mercedes-benz,c-class,2022,38682,16269,Sedan,6,Automatic Transmission,Gasoline,White, Dubai,"2022 mercedes-benz c-class with Navigation system, Rear camera, Leather seats, Sunroof. Condition: Dented door."
mercedes-benz,gt,2012,1946616,260811,Coupe,8,Automatic Transmission,Gasoline,Silver, Dubai,"2012 mercedes-benz gt with Sunroof, Bluetooth. Condition: Engine repaired."
nissan,altima,2022,39129,126860,Sedan,4,Automatic Transmission,Gasoline,Grey, Dubai,"2022 nissan altima with Bluetooth, Leather seats. Condition: Engine repaired."
toyota,rush,2017,57125,102311,SUV,4,Automatic Transmission,Gasoline,White, Dubai,"2017 toyota rush with Bluetooth, Adaptive cruise control, Navigation system, Sunroof. Condition: Repainted bumper."
mercedes-benz,amg,2022,334809,254075,Sedan,12,Automatic Transmission,Gasoline,Black, Ajman,"2022 mercedes-benz amg with Navigation system, Bluetooth. Condition: Repainted bumper."
mini,countryman,2006,93337,156964,Hatchback,4,Automatic Transmission,Gasoline,Silver, Dubai,"2006 mini countryman with Sunroof, Rear camera, Adaptive cruise control, Bluetooth. Condition: Accident history."
ford,explorer,2022,55480,59377,SUV,6,Automatic Transmission,Gasoline,Red, Abu Dhabi,"2022 ford explorer with Navigation system, Adaptive cruise control. Condition: Dented door."
porsche,carrera,2007,766722,110610,Coupe,6,Automatic Transmission,Gasoline,Grey, Dubai,"2007 porsche carrera with Navigation system, Adaptive cruise control, Leather seats. Condition: Accident history."
toyota,fortuner,2011,62214,249260,SUV,4,Automatic Transmission,Gasoline,White, Dubai,"2011 toyota fortuner with Rear camera, Sunroof, Navigation system. Condition: Engine repaired."
mercedes-benz,s-class,2019,893110,253681,Sedan,8,Automatic Transmission,Gasoline,Other Color, Dubai,"2019 mercedes-benz s-class with Rear camera, Sunroof, Adaptive cruise control. Condition: Minor scratches."
bmw,1-series,2020,84685,281703,Hatchback,4,Automatic Transmission,Gasoline,Blue, Dubai,"2020 bmw 1-series with Adaptive cruise control, Sunroof, Leather seats. Condition: Accident history."
audi,a3,2008,79798,257136,Sedan,4,Automatic Transmission,Gasoline,Black, Dubai,"2008 audi a3 with Rear camera, Adaptive cruise control, Sunroof, Navigation system. Condition: Engine repaired."
toyota,land-cruiser,2012,226045,213748,SUV,8,Automatic Transmission,Gasoline,White, Abu Dhabi,"2012 toyota land-cruiser with Rear camera, Bluetooth, Navigation system, Adaptive cruise control. Condition: Dented door."
rolls-royce,dawn,2007,2470177,109465,Soft Top Convertible,12,Automatic Transmission,Gasoline,Black, Dubai,"2007 rolls-royce dawn with Navigation system, Adaptive cruise control. Condition: Accident history."
audi,s8,2010,498768,49574,Sedan,8,Automatic Transmission,Gasoline,Grey, Abu Dhabi,"2010 audi s8 with Navigation system, Bluetooth, Adaptive cruise control. Condition: Repainted bumper."
mercedes-benz,glc,2008,171490,35958,SUV,4,Automatic Transmission,Gasoline,White, Sharjah,"2008 mercedes-benz glc with Adaptive cruise control, Leather seats, Bluetooth, Navigation system. Condition: Accident history."
toyota,corolla,2023,43942,77260,Sedan,4,Automatic Transmission,Gasoline,White, Sharjah,"2023 toyota corolla with Rear camera, Leather seats, Bluetooth, Navigation system. Condition: No damage."
bmw,1-series,2006,66040,87413,Hatchback,4,Automatic Transmission,Gasoline,White, Dubai,"2006 bmw 1-series with Sunroof, Rear camera, Navigation system. Condition: Minor scratches."
nissan,patrol,2012,90603,112785,SUV,8,Automatic Transmission,Gasoline,White, Sharjah,"2012 nissan patrol with Sunroof, Leather seats. Condition: No damage."
toyota,prado,2023,84418,97067,SUV,4,Automatic Transmission,Gasoline,White, Abu Dhabi,"2023 toyota prado with Leather seats, Bluetooth. Condition: Engine repaired."
nissan,patrol,2010,240285,28720,SUV,6,Automatic Transmission,Gasoline,White, Dubai,"2010 nissan patrol with Sunroof, Bluetooth, Leather seats, Rear camera. Condition: Accident history."
gmc,sierra,2017,153750,142353,Pick Up Truck,8,Automatic Transmission,Gasoline,Grey, Abu Dhabi,"2017 gmc sierra with Sunroof, Rear camera, Adaptive cruise control, Bluetooth. Condition: Engine repaired."
mercedes-benz,s-class,2022,192327,116322,Sedan,8,Automatic Transmission,Gasoline,Grey, Dubai,"2022 mercedes-benz s-class with Rear camera, Adaptive cruise control, Navigation system, Bluetooth. Condition: Dented door."
dodge,charger,2014,29417,21596,Sedan,8,Automatic Transmission,Gasoline,Blue, Abu Dhabi,"2014 dodge charger with Leather seats, Sunroof, Rear camera, Navigation system. Condition: Repainted bumper."
mercedes-benz,g-class,2015,823817,190670,SUV,8,Automatic Transmission,Gasoline,White, Dubai,"2015 mercedes-benz g-class with Leather seats, Bluetooth, Rear camera, Sunroof. Condition: Repainted bumper."
ford,mustang,2009,99537,108186,Sports Car,8,Automatic Transmission,Gasoline,Grey, Dubai,"2009 ford mustang with Adaptive cruise control, Leather seats, Bluetooth. Condition: Repainted bumper."
nissan,patrol,2023,152233,294639,SUV,6,Automatic Transmission,Gasoline,Gold, Dubai,"2023 nissan patrol with Adaptive cruise control, Rear camera, Leather seats. Condition: Dented door."
bmw,5-series,2005,57547,222659,Sedan,6,Automatic Transmission,Gasoline,White, Dubai,"2005 bmw 5-series with Leather seats, Adaptive cruise control, Bluetooth. Condition: Minor scratches."
volkswagen,polo,2008,16629,165977,Sedan,4,Automatic Transmission,Gasoline,Silver, Dubai,"2008 volkswagen polo with Navigation system, Adaptive cruise control, Rear camera. Condition: Engine repaired."
bmw,x5,2008,188107,137352,SUV,8,Automatic Transmission,Gasoline,Black, Dubai,"2008 bmw x5 with Leather seats, Bluetooth, Navigation system. Condition: Dented door."
honda,civic,2024,28194,42302,Sedan,4,Automatic Transmission,Gasoline,Brown, Dubai,"2024 honda civic with Navigation system, Bluetooth. Condition: Dented door."
nissan,navara,2005,41099,21656,Pick Up Truck,4,Manual Transmission,Gasoline,White, Dubai,"2005 nissan navara with Adaptive cruise control, Navigation system. Condition: Minor scratches."
renault,dokker,2007,29067,173990,Soft Top Convertible,4,Automatic Transmission,Gasoline,White, Ajman,"2007 renault dokker with Bluetooth, Sunroof, Rear camera. Condition: No damage."
bentley,continental-flying-spur,2021,1403310,60051,Sedan,12,Automatic Transmission,Gasoline,White, Dubai,"2021 bentley continental-flying-spur with Leather seats, Sunroof. Condition: Minor scratches."
ford,f-series-pickup,2006,335126,259908,Utility Truck,6,Automatic Transmission,Gasoline,Blue, Sharjah,"2006 ford f-series-pickup with Bluetooth, Sunroof, Navigation system. Condition: No damage."
lamborghini,urus,2015,2116461,241147,SUV,8,Automatic Transmission,Gasoline,Black, Dubai,"2015 lamborghini urus with Adaptive cruise control, Navigation system. Condition: No damage."
toyota,camry,2008,163487,223190,Sedan,4,Automatic Transmission,Gasoline,Silver, Dubai,"2008 toyota camry with Navigation system, Leather seats. Condition: Engine repaired."
aston-martin,vantage,2020,165020,251284,Coupe,8,Automatic Transmission,Gasoline,White, Dubai,"2020 aston-martin vantage with Sunroof, Bluetooth, Rear camera, Navigation system. Condition: Accident history."
infiniti,fx50,2016,39842,106083,SUV,8,Automatic Transmission,Gasoline,Burgundy, Dubai,"2016 infiniti fx50 with Sunroof, Rear camera, Leather seats. Condition: Dented door."
tesla,model-y,2020,280730,267641,Coupe,,Automatic Transmission,Electric,Black, Dubai,"2020 tesla model-y with Bluetooth, Sunroof. Condition: No damage."
nissan,patrol,2019,401633,53643,SUV,8,Automatic Transmission,Gasoline,Grey, Abu Dhabi,"2019 nissan patrol with Bluetooth, Rear camera, Sunroof. Condition: No damage."
dodge,durango,2015,49709,69101,SUV,6,Automatic Transmission,Gasoline,White, Dubai,"2015 dodge durango with Bluetooth, Adaptive cruise control, Navigation system. Condition: No damage."
mercedes-benz,g-class,2008,1057009,235125,SUV,8,Automatic Transmission,Gasoline,Black, Dubai,"2008 mercedes-benz g-class with Sunroof, Bluetooth, Adaptive cruise control, Leather seats. Condition: Minor scratches."
nissan,altima,2011,66978,12740,Sedan,4,Automatic Transmission,Gasoline,Silver, Sharjah,"2011 nissan altima with Leather seats, Navigation system, Rear camera. Condition: Dented door."
bentley,continental,2011,143771,130614,Coupe,12,Automatic Transmission,Gasoline,Black, Abu Dhabi,"2011 bentley continental with Adaptive cruise control, Rear camera, Bluetooth. Condition: No damage."
toyota,fj-cruiser,2006,62926,135379,SUV,6,Automatic Transmission,Gasoline,White, Dubai,"2006 toyota fj-cruiser with Navigation system, Bluetooth, Adaptive cruise control, Sunroof. Condition: Accident history."
bmw,7-series,2019,53318,73404,Sedan,6,Automatic Transmission,Gasoline,White, Dubai,"2019 bmw 7-series with Leather seats, Navigation system. Condition: Engine repaired."
bmw,x4,2006,340471,275869,SUV,4,Automatic Transmission,Gasoline,White, Dubai,"2006 bmw x4 with Adaptive cruise control, Navigation system, Bluetooth. Condition: Minor scratches."
porsche,carrera,2012,128863,14081,Coupe,6,Automatic Transmission,Gasoline,Brown, Abu Dhabi,"2012 porsche carrera with Navigation system, Sunroof, Bluetooth, Rear camera. Condition: Accident history."
toyota,camry,2021,52709,76286,Sedan,4,Automatic Transmission,Gasoline,Silver, Sharjah,"2021 toyota camry with Sunroof, Navigation system, Bluetooth, Adaptive cruise control. Condition: Accident history."
bentley,continental,2020,322696,247577,Coupe,8,Automatic Transmission,Gasoline,Red, Dubai,"2020 bentley continental with Navigation system, Adaptive cruise control. Condition: Engine repaired."
ford,figo,2008,26370,184196,Sedan,4,Automatic Transmission,Gasoline,White, Dubai,"2008 ford figo with Leather seats, Adaptive cruise control, Rear camera. Condition: Engine repaired."
mercedes-benz,s-class,2017,629588,155022,Sedan,6,Automatic Transmission,Gasoline,Black, Dubai,"2017 mercedes-benz s-class with Leather seats, Rear camera, Bluetooth, Adaptive cruise control. Condition: Dented door."
mercedes-benz,g-class,2013,624407,45002,SUV,8,Automatic Transmission,Gasoline,Red, Dubai,"2013 mercedes-benz g-class with Sunroof, Rear camera, Leather seats. Condition: Minor scratches."
mercedes-benz,m-class,2023,26985,270898,SUV,8,Automatic Transmission,Gasoline,Black, Dubai,"2023 mercedes-benz m-class with Navigation system, Rear camera, Adaptive cruise control, Leather seats. Condition: Engine repaired."
jeep,grand-cherokee,2008,106376,129591,SUV,8,Automatic Transmission,Gasoline,Grey, Dubai,"2008 jeep grand-cherokee with Leather seats, Bluetooth, Navigation system. Condition: Dented door."
cadillac,escalade,2022,205325,123932,SUV,8,Automatic Transmission,Gasoline,Black, Dubai,"2022 cadillac escalade with Leather seats, Navigation system, Bluetooth, Sunroof. Condition: Engine repaired."
lincoln,mkx,2016,90150,271919,SUV,6,Automatic Transmission,Gasoline,Black, Dubai,"2016 lincoln mkx with Navigation system, Rear camera. Condition: Repainted bumper."
chevrolet,corvette,2006,370866,38612,Coupe,8,Automatic Transmission,Gasoline,Red, Abu Dhabi,"2006 chevrolet corvette with Bluetooth, Sunroof, Navigation system. Condition: Dented door."
volkswagen,passat,2023,18267,57942,Sedan,4,Automatic Transmission,Gasoline,Beige, Abu Dhabi,"2023 volkswagen passat with Leather seats, Bluetooth, Rear camera, Sunroof. Condition: Repainted bumper."
mercedes-benz,s-class,2018,122987,121108,Sedan,8,Automatic Transmission,Gasoline,White, Dubai,"2018 mercedes-benz s-class with Bluetooth, Rear camera, Leather seats. Condition: Engine repaired."
lincoln,mkz,2016,62349,244394,Sedan,4,Automatic Transmission,Gasoline,White, Dubai,"2016 lincoln mkz with Leather seats, Bluetooth, Sunroof. Condition: Dented door."
audi,a8,2023,67287,68592,Sedan,8,Automatic Transmission,Gasoline,Grey, Dubai,"2023 audi a8 with Adaptive cruise control, Bluetooth, Navigation system. Condition: Repainted bumper."
maserati,granturismo,2017,121262,82376,Coupe,8,Automatic Transmission,Gasoline,Blue, Dubai,"2017 maserati granturismo with Leather seats, Adaptive cruise control, Bluetooth, Navigation system. Condition: Engine repaired."
dodge,charger,2015,53096,138248,Sedan,6,Automatic Transmission,Gasoline,White, Dubai,"2015 dodge charger with Navigation system, Sunroof, Adaptive cruise control, Rear camera. Condition: Repainted bumper."
honda,cr-v,2019,58682,39929,SUV,4,Automatic Transmission,Gasoline,Black, Sharjah,"2019 honda cr-v with Navigation system, Sunroof. Condition: Repainted bumper."
jeep,grand-cherokee,2007,43654,298400,SUV,8,Automatic Transmission,Gasoline,Black, Dubai,"2007 jeep grand-cherokee with Rear camera, Bluetooth, Leather seats, Adaptive cruise control. Condition: Engine repaired."
maserati,quattroporte,2014,32792,275126,Sedan,6,Automatic Transmission,Gasoline,Green, Dubai,"2014 maserati quattroporte with Rear camera, Sunroof, Adaptive cruise control, Navigation system. Condition: Dented door."
porsche,cayman,2016,378297,248455,Coupe,6,Manual Transmission,Gasoline,Red, Abu Dhabi,"2016 porsche cayman with Navigation system, Adaptive cruise control, Leather seats. Condition: No damage."
rolls-royce,cullinan,2010,1674478,157618,SUV,12,Automatic Transmission,Gasoline,White, Dubai,"2010 rolls-royce cullinan with Rear camera, Sunroof, Adaptive cruise control, Navigation system. Condition: Dented door."
bmw,6-series,2024,194880,78110,Coupe,8,Automatic Transmission,Gasoline,Green, Abu Dhabi,"2024 bmw 6-series with Sunroof, Rear camera, Navigation system. Condition: Accident history."
land-rover,range-rover,2007,33597,55301,SUV,8,Automatic Transmission,Gasoline,Silver, Dubai,"2007 land-rover range-rover with Sunroof, Navigation system, Adaptive cruise control, Rear camera. Condition: Repainted bumper."
toyota,fortuner,2020,33573,222361,SUV,6,Automatic Transmission,Gasoline,Red, Dubai,"2020 toyota fortuner with Sunroof, Rear camera, Leather seats, Bluetooth. Condition: Repainted bumper."
bentley,continental-flying-spur,2017,279500,195896,Sedan,12,Automatic Transmission,Gasoline,White, Dubai,"2017 bentley continental-flying-spur with Adaptive cruise control, Navigation system, Bluetooth. Condition: Minor scratches."
gmc,sierra,2013,151322,56591,Pick Up Truck,6,Automatic Transmission,Gasoline,White, Dubai,"2013 gmc sierra with Bluetooth, Leather seats, Sunroof. Condition: Minor scratches."
toyota,fj-cruiser,2006,119415,298532,SUV,6,Automatic Transmission,Gasoline,Grey, Abu Dhabi,"2006 toyota fj-cruiser with Sunroof, Leather seats, Bluetooth, Adaptive cruise control. Condition: No damage."
porsche,panamera,2008,172647,31782,Sedan,8,Automatic Transmission,Gasoline,White, Dubai,"2008 porsche panamera with Navigation system, Leather seats, Rear camera. Condition: Engine repaired."
chevrolet,tahoe,2017,215345,239008,SUV,8,Automatic Transmission,Gasoline,White, Dubai,"2017 chevrolet tahoe with Rear camera, Navigation system. Condition: Minor scratches."
nissan,altima,2012,122029,263777,Sedan,4,Automatic Transmission,Gasoline,White, Dubai,"2012 nissan altima with Adaptive cruise control, Sunroof, Navigation system. Condition: Accident history."
mercedes-benz,e-class,2018,40765,239633,Sedan,6,Automatic Transmission,Gasoline,Silver, Dubai,"2018 mercedes-benz e-class with Bluetooth, Rear camera. Condition: Repainted bumper."
porsche,cayenne,2020,48106,30037,SUV,6,Automatic Transmission,Gasoline,Black, Dubai,"2020 porsche cayenne with Bluetooth, Rear camera, Navigation system, Adaptive cruise control. Condition: Accident history."
hyundai,tucson,2010,71067,288809,SUV,4,Automatic Transmission,Gasoline,White, Dubai,"2010 hyundai tucson with Adaptive cruise control, Bluetooth, Leather seats. Condition: Dented door."
hyundai,accent,2023,46304,130886,Sedan,4,Automatic Transmission,Gasoline,Brown, Dubai,"2023 hyundai accent with Rear camera, Bluetooth, Leather seats. Condition: Accident history."
mitsubishi,attrage,2022,35520,236496,Sedan,3,Automatic Transmission,Gasoline,White, Dubai,"2022 mitsubishi attrage with Bluetooth, Adaptive cruise control, Rear camera, Sunroof. Condition: Engine repaired."
ford,mustang,2014,61923,108388,Coupe,8,Automatic Transmission,Gasoline,Blue, Dubai,"2014 ford mustang with Adaptive cruise control, Leather seats, Navigation system, Sunroof. Condition: No damage."
nissan,patrol,2008,102956,283499,SUV,8,Automatic Transmission,Gasoline,Grey, Dubai,"2008 nissan patrol with Rear camera, Bluetooth. Condition: No damage."
nissan,pathfinder,2012,41063,70582,SUV,6,Automatic Transmission,Gasoline,White, Sharjah,"2012 nissan pathfinder with Navigation system, Adaptive cruise control, Sunroof, Bluetooth. Condition: Engine repaired."
bmw,x4,2007,270139,55316,SUV,4,Automatic Transmission,Gasoline,White, Dubai,"2007 bmw x4 with Navigation system, Rear camera. Condition: Minor scratches."
land-rover,discovery,2008,112852,97581,SUV,4,Automatic Transmission,Gasoline,Black, Dubai,"2008 land-rover discovery with Adaptive cruise control, Bluetooth, Leather seats. Condition: Repainted bumper."
land-rover,range-rover-sport,2014,198677,193037,SUV,6,Automatic Transmission,Gasoline,Black, Dubai,"2014 land-rover range-rover-sport with Navigation system, Bluetooth, Sunroof, Adaptive cruise control. Condition: No damage."
lexus,ls-series,2023,51622,219140,Sedan,8,Automatic Transmission,Gasoline,Black, Dubai,"2023 lexus ls-series with Navigation system, Sunroof, Adaptive cruise control, Leather seats. Condition: No damage."
